Team win;Composition B;Composition R;Type victoire;Nb tours;Nb vertes retournées;Nb où rouge pioché chez un bleu;Nb où bleu pioché chez un rouge
0;[AgentCommon, AgentCommon, AgentCommon];[AgentCommon, AgentCommon];2;4;4;-1;-1
0;[AgentCommon, AgentCommon, AgentCommon];[AgentCommon, AgentCommon];1;5;4;-1;-1
0;[AgentCommon, AgentCommon, AgentCommon];[AgentCommon, AgentCommon];2;5;4;-1;-1
0;[AgentCommon, AgentCommon, AgentCommon];[AgentCommon, AgentCommon];2;2;3;-1;-1
0;[AgentCommon, AgentCommon, AgentCommon];[AgentCommon, AgentCommon];2;2;1;-1;-1
0;[AgentCommon, AgentCommon, AgentCommon];[AgentCommon, AgentCommon];2;2;3;-1;-1
0;[AgentCommon, AgentCommon, AgentCommon];[AgentCommon, AgentCommon];2;4;4;-1;-1
0;[AgentCommon, AgentCommon, AgentCommon];[AgentCommon, AgentCommon];2;2;3;-1;-1
0;[AgentCommon, AgentCommon, AgentCommon];[AgentCommon, AgentCommon];2;2;1;-1;-1
1;[AgentCommon, AgentCommon, AgentCommon];[AgentCommon, AgentCommon];0;4;5;-1;-1
0;[AgentCommon, AgentCommon, AgentCommon];[AgentCommon, AgentCommon];2;2;1;-1;-1
0;[AgentCommon, AgentCommon, AgentCommon];[AgentCommon, AgentCommon];2;2;3;-1;-1
0;[AgentCommon, AgentCommon, AgentCommon];[AgentCommon, AgentCommon];2;1;0;-1;-1
0;[AgentCommon, AgentCommon, AgentCommon];[AgentCommon, AgentCommon];2;2;1;-1;-1
0;[AgentCommon, AgentCommon, AgentCommon];[AgentCommon, AgentCommon];2;1;0;-1;-1
0;[AgentCommon, AgentCommon, AgentCommon];[AgentCommon, AgentCommon];2;2;2;-1;-1
0;[AgentCommon, AgentCommon, AgentCommon];[AgentCommon, AgentCommon];2;2;1;-1;-1
1;[AgentCommon, AgentCommon, AgentCommon];[AgentCommon, AgentCommon];0;3;5;-1;-1
0;[AgentCommon, AgentCommon, AgentCommon];[AgentCommon, AgentCommon];2;1;0;-1;-1
0;[AgentCommon, AgentCommon, AgentCommon];[AgentCommon, AgentCommon];2;1;1;-1;-1
0;[AgentCommon, AgentCommon, AgentCommon];[AgentCommon, AgentCommon];2;2;4;-1;-1
0;[AgentCommon, AgentCommon, AgentCommon];[AgentCommon, AgentCommon];2;1;0;-1;-1
0;[AgentCommon, AgentCommon, AgentCommon];[AgentCommon, AgentCommon];2;1;0;-1;-1
1;[AgentCommon, AgentCommon, AgentCommon];[AgentCommon, AgentCommon];0;2;5;-1;-1
1;[AgentCommon, AgentCommon, AgentCommon];[AgentCommon, AgentCommon];0;3;5;-1;-1
0;[AgentCommon, AgentCommon, AgentCommon];[AgentCommon, AgentCommon];2;2;1;-1;-1
0;[AgentCommon, AgentCommon, AgentCommon];[AgentCommon, AgentCommon];2;2;4;-1;-1
0;[AgentCommon, AgentCommon, AgentCommon];[AgentCommon, AgentCommon];2;1;0;-1;-1
0;[AgentCommon, AgentCommon, AgentCommon];[AgentCommon, AgentCommon];2;1;1;-1;-1
0;[AgentCommon, AgentCommon, AgentCommon];[AgentCommon, AgentCommon];2;1;0;-1;-1
0;[AgentCommon, AgentCommon, AgentCommon];[AgentCommon, AgentCommon];2;2;0;-1;-1
0;[AgentCommon, AgentCommon, AgentCommon];[AgentCommon, AgentCommon];2;2;2;-1;-1
1;[AgentCommon, AgentCommon, AgentCommon];[AgentCommon, AgentCommon];0;3;5;-1;-1
0;[AgentCommon, AgentCommon, AgentCommon];[AgentCommon, AgentCommon];2;5;2;-1;-1
0;[AgentCommon, AgentCommon, AgentCommon];[AgentCommon, AgentCommon];2;2;3;-1;-1
0;[AgentCommon, AgentCommon, AgentCommon];[AgentCommon, AgentCommon];2;1;0;-1;-1
0;[AgentCommon, AgentCommon, AgentCommon];[AgentCommon, AgentCommon];2;4;3;-1;-1
0;[AgentCommon, AgentCommon, AgentCommon];[AgentCommon, AgentCommon];2;3;3;-1;-1
1;[AgentCommon, AgentCommon, AgentCommon];[AgentCommon, AgentCommon];0;4;5;-1;-1
1;[AgentCommon, AgentCommon, AgentCommon];[AgentCommon, AgentCommon];0;4;5;-1;-1
1;[AgentCommon, AgentCommon, AgentCommon];[AgentCommon, AgentCommon];0;2;5;-1;-1
1;[AgentCommon, AgentCommon, AgentCommon];[AgentCommon, AgentCommon];0;2;5;-1;-1
0;[AgentCommon, AgentCommon, AgentCommon];[AgentCommon, AgentCommon];2;3;3;-1;-1
0;[AgentCommon, AgentCommon, AgentCommon];[AgentCommon, AgentCommon];2;2;1;-1;-1
0;[AgentCommon, AgentCommon, AgentCommon];[AgentCommon, AgentCommon];2;2;2;-1;-1
0;[AgentCommon, AgentCommon, AgentCommon];[AgentCommon, AgentCommon];2;1;0;-1;-1
1;[AgentCommon, AgentCommon, AgentCommon];[AgentCommon, AgentCommon];0;4;5;-1;-1
0;[AgentCommon, AgentCommon, AgentCommon];[AgentCommon, AgentCommon];2;2;3;-1;-1
0;[AgentCommon, AgentCommon, AgentCommon];[AgentCommon, AgentCommon];2;2;0;-1;-1
0;[AgentCommon, AgentCommon, AgentCommon];[AgentCommon, AgentCommon];2;2;3;-1;-1
0;[AgentCommon, AgentCommon, AgentCommon];[AgentCommon, AgentCommon];2;2;1;-1;-1
0;[AgentCommon, AgentCommon, AgentCommon];[AgentCommon, AgentCommon];2;2;2;-1;-1
0;[AgentCommon, AgentCommon, AgentCommon];[AgentCommon, AgentCommon];2;1;0;-1;-1
0;[AgentCommon, AgentCommon, AgentCommon];[AgentCommon, AgentCommon];2;3;4;-1;-1
1;[AgentCommon, AgentCommon, AgentCommon];[AgentCommon, AgentCommon];0;5;5;-1;-1
0;[AgentCommon, AgentCommon, AgentCommon];[AgentCommon, AgentCommon];2;1;0;-1;-1
0;[AgentCommon, AgentCommon, AgentCommon];[AgentCommon, AgentCommon];2;3;0;-1;-1
1;[AgentCommon, AgentCommon, AgentCommon];[AgentCommon, AgentCommon];0;4;5;-1;-1
0;[AgentCommon, AgentCommon, AgentCommon];[AgentCommon, AgentCommon];2;1;0;-1;-1
0;[AgentCommon, AgentCommon, AgentCommon];[AgentCommon, AgentCommon];2;2;1;-1;-1
0;[AgentCommon, AgentCommon, AgentCommon];[AgentCommon, AgentCommon];2;2;1;-1;-1
0;[AgentCommon, AgentCommon, AgentCommon];[AgentCommon, AgentCommon];2;2;4;-1;-1
0;[AgentCommon, AgentCommon, AgentCommon];[AgentCommon, AgentCommon];2;1;0;-1;-1
0;[AgentCommon, AgentCommon, AgentCommon];[AgentCommon, AgentCommon];2;4;1;-1;-1
0;[AgentCommon, AgentCommon, AgentCommon];[AgentCommon, AgentCommon];2;2;3;-1;-1
0;[AgentCommon, AgentCommon, AgentCommon];[AgentCommon, AgentCommon];2;1;2;-1;-1
0;[AgentCommon, AgentCommon, AgentCommon];[AgentCommon, AgentCommon];2;1;0;-1;-1
0;[AgentCommon, AgentCommon, AgentCommon];[AgentCommon, AgentCommon];2;2;1;-1;-1
0;[AgentCommon, AgentCommon, AgentCommon];[AgentCommon, AgentCommon];2;2;0;-1;-1
1;[AgentCommon, AgentCommon, AgentCommon];[AgentCommon, AgentCommon];0;6;5;-1;-1
0;[AgentCommon, AgentCommon, AgentCommon];[AgentCommon, AgentCommon];2;2;3;-1;-1
0;[AgentCommon, AgentCommon, AgentCommon];[AgentCommon, AgentCommon];2;1;2;-1;-1
1;[AgentCommon, AgentCommon, AgentCommon];[AgentCommon, AgentCommon];0;3;5;-1;-1
1;[AgentCommon, AgentCommon, AgentCommon];[AgentCommon, AgentCommon];0;4;5;-1;-1
0;[AgentCommon, AgentCommon, AgentCommon];[AgentCommon, AgentCommon];1;5;4;-1;-1
0;[AgentCommon, AgentCommon, AgentCommon];[AgentCommon, AgentCommon];2;1;1;-1;-1
1;[AgentCommon, AgentCommon, AgentCommon];[AgentCommon, AgentCommon];0;2;5;-1;-1
0;[AgentCommon, AgentCommon, AgentCommon];[AgentCommon, AgentCommon];2;1;0;-1;-1
0;[AgentCommon, AgentCommon, AgentCommon];[AgentCommon, AgentCommon];2;1;1;-1;-1
1;[AgentCommon, AgentCommon, AgentCommon];[AgentCommon, AgentCommon];0;5;5;-1;-1
0;[AgentCommon, AgentCommon, AgentCommon];[AgentCommon, AgentCommon];2;2;3;-1;-1
1;[AgentCommon, AgentCommon, AgentCommon];[AgentCommon, AgentCommon];0;3;5;-1;-1
1;[AgentCommon, AgentCommon, AgentCommon];[AgentCommon, AgentCommon];0;2;5;-1;-1
0;[AgentCommon, AgentCommon, AgentCommon];[AgentCommon, AgentCommon];2;2;2;-1;-1
0;[AgentCommon, AgentCommon, AgentCommon];[AgentCommon, AgentCommon];2;1;0;-1;-1
0;[AgentCommon, AgentCommon, AgentCommon];[AgentCommon, AgentCommon];2;2;3;-1;-1
0;[AgentCommon, AgentCommon, AgentCommon];[AgentCommon, AgentCommon];2;3;4;-1;-1
0;[AgentCommon, AgentCommon, AgentCommon];[AgentCommon, AgentCommon];2;1;0;-1;-1
0;[AgentCommon, AgentCommon, AgentCommon];[AgentCommon, AgentCommon];2;2;1;-1;-1
0;[AgentCommon, AgentCommon, AgentCommon];[AgentCommon, AgentCommon];2;1;0;-1;-1
1;[AgentCommon, AgentCommon, AgentCommon];[AgentCommon, AgentCommon];0;5;5;-1;-1
1;[AgentCommon, AgentCommon, AgentCommon];[AgentCommon, AgentCommon];0;2;5;-1;-1
1;[AgentCommon, AgentCommon, AgentCommon];[AgentCommon, AgentCommon];0;2;5;-1;-1
0;[AgentCommon, AgentCommon, AgentCommon];[AgentCommon, AgentCommon];2;2;1;-1;-1
1;[AgentCommon, AgentCommon, AgentCommon];[AgentCommon, AgentCommon];0;5;5;-1;-1
0;[AgentCommon, AgentCommon, AgentCommon];[AgentCommon, AgentCommon];2;3;2;-1;-1
0;[AgentCommon, AgentCommon, AgentCommon];[AgentCommon, AgentCommon];2;4;2;-1;-1
1;[AgentCommon, AgentCommon, AgentCommon];[AgentCommon, AgentCommon];0;3;5;-1;-1
1;[AgentCommon, AgentCommon, AgentCommon];[AgentCommon, AgentCommon];0;3;5;-1;-1
1;[AgentCommon, AgentCommon, AgentCommon];[AgentCommon, AgentCommon];0;2;5;-1;-1
0;[AgentCommon, AgentCommon, AgentCommon];[AgentCommon, AgentCommon];2;4;4;-1;-1
1;[AgentCommon, AgentCommon, AgentCommon];[AgentCommon, AgentCommon];0;4;5;-1;-1
1;[AgentCommon, AgentCommon, AgentCommon];[AgentCommon, AgentCommon];0;5;5;-1;-1
1;[AgentCommon, AgentCommon, AgentCommon];[AgentCommon, AgentCommon];0;2;5;-1;-1
0;[AgentCommon, AgentCommon, AgentCommon];[AgentCommon, AgentCommon];2;1;0;-1;-1
0;[AgentCommon, AgentCommon, AgentCommon];[AgentCommon, AgentCommon];2;3;3;-1;-1
0;[AgentCommon, AgentCommon, AgentCommon];[AgentCommon, AgentCommon];2;2;1;-1;-1
0;[AgentCommon, AgentCommon, AgentCommon];[AgentCommon, AgentCommon];2;3;2;-1;-1
1;[AgentCommon, AgentCommon, AgentCommon];[AgentCommon, AgentCommon];0;2;5;-1;-1
0;[AgentCommon, AgentCommon, AgentCommon];[AgentCommon, AgentCommon];2;1;1;-1;-1
0;[AgentCommon, AgentCommon, AgentCommon];[AgentCommon, AgentCommon];2;3;3;-1;-1
0;[AgentCommon, AgentCommon, AgentCommon];[AgentCommon, AgentCommon];2;2;2;-1;-1
0;[AgentCommon, AgentCommon, AgentCommon];[AgentCommon, AgentCommon];2;1;0;-1;-1
1;[AgentCommon, AgentCommon, AgentCommon];[AgentCommon, AgentCommon];0;5;5;-1;-1
1;[AgentCommon, AgentCommon, AgentCommon];[AgentCommon, AgentCommon];0;5;5;-1;-1
1;[AgentCommon, AgentCommon, AgentCommon];[AgentCommon, AgentCommon];0;2;5;-1;-1
1;[AgentCommon, AgentCommon, AgentCommon];[AgentCommon, AgentCommon];0;3;5;-1;-1
0;[AgentCommon, AgentCommon, AgentCommon];[AgentCommon, AgentCommon];2;1;0;-1;-1
0;[AgentCommon, AgentCommon, AgentCommon];[AgentCommon, AgentCommon];2;1;0;-1;-1
0;[AgentCommon, AgentCommon, AgentCommon];[AgentCommon, AgentCommon];2;2;0;-1;-1
1;[AgentCommon, AgentCommon, AgentCommon];[AgentCommon, AgentCommon];0;2;5;-1;-1
0;[AgentCommon, AgentCommon, AgentCommon];[AgentCommon, AgentCommon];2;2;1;-1;-1
0;[AgentCommon, AgentCommon, AgentCommon];[AgentCommon, AgentCommon];2;2;1;-1;-1
0;[AgentCommon, AgentCommon, AgentCommon];[AgentCommon, AgentCommon];2;1;0;-1;-1
0;[AgentCommon, AgentCommon, AgentCommon];[AgentCommon, AgentCommon];2;3;3;-1;-1
0;[AgentCommon, AgentCommon, AgentCommon];[AgentCommon, AgentCommon];1;5;4;-1;-1
1;[AgentCommon, AgentCommon, AgentCommon];[AgentCommon, AgentCommon];0;2;5;-1;-1
1;[AgentCommon, AgentCommon, AgentCommon];[AgentCommon, AgentCommon];0;3;5;-1;-1
1;[AgentCommon, AgentCommon, AgentCommon];[AgentCommon, AgentCommon];0;2;5;-1;-1
0;[AgentCommon, AgentCommon, AgentCommon];[AgentCommon, AgentCommon];2;2;3;-1;-1
1;[AgentCommon, AgentCommon, AgentCommon];[AgentCommon, AgentCommon];0;5;5;-1;-1
1;[AgentCommon, AgentCommon, AgentCommon];[AgentCommon, AgentCommon];0;4;5;-1;-1
1;[AgentCommon, AgentCommon, AgentCommon];[AgentCommon, AgentCommon];0;3;5;-1;-1
0;[AgentCommon, AgentCommon, AgentCommon];[AgentCommon, AgentCommon];2;1;0;-1;-1
0;[AgentCommon, AgentCommon, AgentCommon];[AgentCommon, AgentCommon];2;1;0;-1;-1
0;[AgentCommon, AgentCommon, AgentCommon];[AgentCommon, AgentCommon];2;2;2;-1;-1
0;[AgentCommon, AgentCommon, AgentCommon];[AgentCommon, AgentCommon];2;3;3;-1;-1
1;[AgentCommon, AgentCommon, AgentCommon];[AgentCommon, AgentCommon];0;3;5;-1;-1
1;[AgentCommon, AgentCommon, AgentCommon];[AgentCommon, AgentCommon];0;2;5;-1;-1
0;[AgentCommon, AgentCommon, AgentCommon];[AgentCommon, AgentCommon];2;1;1;-1;-1
0;[AgentCommon, AgentCommon, AgentCommon];[AgentCommon, AgentCommon];2;1;0;-1;-1
0;[AgentCommon, AgentCommon, AgentCommon];[AgentCommon, AgentCommon];2;3;1;-1;-1
0;[AgentCommon, AgentCommon, AgentCommon];[AgentCommon, AgentCommon];2;2;0;-1;-1
1;[AgentCommon, AgentCommon, AgentCommon];[AgentCommon, AgentCommon];0;2;5;-1;-1
0;[AgentCommon, AgentCommon, AgentCommon];[AgentCommon, AgentCommon];2;2;2;-1;-1
0;[AgentCommon, AgentCommon, AgentCommon];[AgentCommon, AgentCommon];2;3;3;-1;-1
1;[AgentCommon, AgentCommon, AgentCommon];[AgentCommon, AgentCommon];0;3;5;-1;-1
0;[AgentCommon, AgentCommon, AgentCommon];[AgentCommon, AgentCommon];2;1;0;-1;-1
0;[AgentCommon, AgentCommon, AgentCommon];[AgentCommon, AgentCommon];2;2;3;-1;-1
0;[AgentCommon, AgentCommon, AgentCommon];[AgentCommon, AgentCommon];2;2;2;-1;-1
0;[AgentCommon, AgentCommon, AgentCommon];[AgentCommon, AgentCommon];2;2;1;-1;-1
1;[AgentCommon, AgentCommon, AgentCommon];[AgentCommon, AgentCommon];0;2;5;-1;-1
0;[AgentCommon, AgentCommon, AgentCommon];[AgentCommon, AgentCommon];2;3;3;-1;-1
0;[AgentCommon, AgentCommon, AgentCommon];[AgentCommon, AgentCommon];2;1;1;-1;-1
0;[AgentCommon, AgentCommon, AgentCommon];[AgentCommon, AgentCommon];2;1;0;-1;-1
0;[AgentCommon, AgentCommon, AgentCommon];[AgentCommon, AgentCommon];2;3;4;-1;-1
0;[AgentCommon, AgentCommon, AgentCommon];[AgentCommon, AgentCommon];2;3;4;-1;-1
0;[AgentCommon, AgentCommon, AgentCommon];[AgentCommon, AgentCommon];2;4;4;-1;-1
0;[AgentCommon, AgentCommon, AgentCommon];[AgentCommon, AgentCommon];2;1;2;-1;-1
1;[AgentCommon, AgentCommon, AgentCommon];[AgentCommon, AgentCommon];0;3;5;-1;-1
1;[AgentCommon, AgentCommon, AgentCommon];[AgentCommon, AgentCommon];0;3;5;-1;-1
0;[AgentCommon, AgentCommon, AgentCommon];[AgentCommon, AgentCommon];2;3;2;-1;-1
1;[AgentCommon, AgentCommon, AgentCommon];[AgentCommon, AgentCommon];0;4;5;-1;-1
0;[AgentCommon, AgentCommon, AgentCommon];[AgentCommon, AgentCommon];2;1;0;-1;-1
1;[AgentCommon, AgentCommon, AgentCommon];[AgentCommon, AgentCommon];0;3;5;-1;-1
1;[AgentCommon, AgentCommon, AgentCommon];[AgentCommon, AgentCommon];0;4;5;-1;-1
0;[AgentCommon, AgentCommon, AgentCommon];[AgentCommon, AgentCommon];2;5;4;-1;-1
0;[AgentCommon, AgentCommon, AgentCommon];[AgentCommon, AgentCommon];2;3;4;-1;-1
0;[AgentCommon, AgentCommon, AgentCommon];[AgentCommon, AgentCommon];2;1;0;-1;-1
0;[AgentCommon, AgentCommon, AgentCommon];[AgentCommon, AgentCommon];2;1;0;-1;-1
0;[AgentCommon, AgentCommon, AgentCommon];[AgentCommon, AgentCommon];2;1;0;-1;-1
0;[AgentCommon, AgentCommon, AgentCommon];[AgentCommon, AgentCommon];2;1;1;-1;-1
0;[AgentCommon, AgentCommon, AgentCommon];[AgentCommon, AgentCommon];2;3;1;-1;-1
1;[AgentCommon, AgentCommon, AgentCommon];[AgentCommon, AgentCommon];0;4;5;-1;-1
0;[AgentCommon, AgentCommon, AgentCommon];[AgentCommon, AgentCommon];2;1;0;-1;-1
0;[AgentCommon, AgentCommon, AgentCommon];[AgentCommon, AgentCommon];2;2;2;-1;-1
0;[AgentCommon, AgentCommon, AgentCommon];[AgentCommon, AgentCommon];2;2;0;-1;-1
1;[AgentCommon, AgentCommon, AgentCommon];[AgentCommon, AgentCommon];0;4;5;-1;-1
0;[AgentCommon, AgentCommon, AgentCommon];[AgentCommon, AgentCommon];2;4;4;-1;-1
1;[AgentCommon, AgentCommon, AgentCommon];[AgentCommon, AgentCommon];0;2;5;-1;-1
0;[AgentCommon, AgentCommon, AgentCommon];[AgentCommon, AgentCommon];2;2;1;-1;-1
0;[AgentCommon, AgentCommon, AgentCommon];[AgentCommon, AgentCommon];2;3;4;-1;-1
0;[AgentCommon, AgentCommon, AgentCommon];[AgentCommon, AgentCommon];2;2;2;-1;-1
0;[AgentCommon, AgentCommon, AgentCommon];[AgentCommon, AgentCommon];2;1;0;-1;-1
1;[AgentCommon, AgentCommon, AgentCommon];[AgentCommon, AgentCommon];0;2;5;-1;-1
0;[AgentCommon, AgentCommon, AgentCommon];[AgentCommon, AgentCommon];2;5;4;-1;-1
0;[AgentCommon, AgentCommon, AgentCommon];[AgentCommon, AgentCommon];2;3;4;-1;-1
1;[AgentCommon, AgentCommon, AgentCommon];[AgentCommon, AgentCommon];0;5;5;-1;-1
1;[AgentCommon, AgentCommon, AgentCommon];[AgentCommon, AgentCommon];0;4;5;-1;-1
1;[AgentCommon, AgentCommon, AgentCommon];[AgentCommon, AgentCommon];0;3;5;-1;-1
0;[AgentCommon, AgentCommon, AgentCommon];[AgentCommon, AgentCommon];2;1;1;-1;-1
0;[AgentCommon, AgentCommon, AgentCommon];[AgentCommon, AgentCommon];2;4;1;-1;-1
1;[AgentCommon, AgentCommon, AgentCommon];[AgentCommon, AgentCommon];0;2;5;-1;-1
0;[AgentCommon, AgentCommon, AgentCommon];[AgentCommon, AgentCommon];2;1;1;-1;-1
1;[AgentCommon, AgentCommon, AgentCommon];[AgentCommon, AgentCommon];0;2;5;-1;-1
1;[AgentCommon, AgentCommon, AgentCommon];[AgentCommon, AgentCommon];0;4;5;-1;-1
0;[AgentCommon, AgentCommon, AgentCommon];[AgentCommon, AgentCommon];2;1;1;-1;-1
0;[AgentCommon, AgentCommon, AgentCommon];[AgentCommon, AgentCommon];2;2;1;-1;-1
0;[AgentCommon, AgentCommon, AgentCommon];[AgentCommon, AgentCommon];2;2;1;-1;-1
0;[AgentCommon, AgentCommon, AgentCommon];[AgentCommon, AgentCommon];2;2;2;-1;-1
1;[AgentCommon, AgentCommon, AgentCommon];[AgentCommon, AgentCommon];0;2;5;-1;-1
1;[AgentCommon, AgentCommon, AgentCommon];[AgentCommon, AgentCommon];0;4;5;-1;-1
0;[AgentCommon, AgentCommon, AgentCommon];[AgentCommon, AgentCommon];2;1;0;-1;-1
0;[AgentCommon, AgentCommon, AgentCommon];[AgentCommon, AgentCommon];2;3;2;-1;-1
0;[AgentCommon, AgentCommon, AgentCommon];[AgentCommon, AgentCommon];2;3;4;-1;-1
1;[AgentCommon, AgentCommon, AgentCommon];[AgentCommon, AgentCommon];0;3;5;-1;-1
1;[AgentCommon, AgentCommon, AgentCommon];[AgentCommon, AgentCommon];0;4;5;-1;-1
0;[AgentCommon, AgentCommon, AgentCommon];[AgentCommon, AgentCommon];2;2;2;-1;-1
0;[AgentCommon, AgentCommon, AgentCommon];[AgentCommon, AgentCommon];2;1;0;-1;-1
0;[AgentCommon, AgentCommon, AgentCommon];[AgentCommon, AgentCommon];2;4;4;-1;-1
0;[AgentCommon, AgentCommon, AgentCommon];[AgentCommon, AgentCommon];2;1;0;-1;-1
0;[AgentCommon, AgentCommon, AgentCommon];[AgentCommon, AgentCommon];2;2;1;-1;-1
1;[AgentCommon, AgentCommon, AgentCommon];[AgentCommon, AgentCommon];0;2;5;-1;-1
0;[AgentCommon, AgentCommon, AgentCommon];[AgentCommon, AgentCommon];2;4;1;-1;-1
1;[AgentCommon, AgentCommon, AgentCommon];[AgentCommon, AgentCommon];0;2;5;-1;-1
0;[AgentCommon, AgentCommon, AgentCommon];[AgentCommon, AgentCommon];2;4;3;-1;-1
0;[AgentCommon, AgentCommon, AgentCommon];[AgentCommon, AgentCommon];2;2;2;-1;-1
1;[AgentCommon, AgentCommon, AgentCommon];[AgentCommon, AgentCommon];0;3;5;-1;-1
0;[AgentCommon, AgentCommon, AgentCommon];[AgentCommon, AgentCommon];2;3;3;-1;-1
0;[AgentCommon, AgentCommon, AgentCommon];[AgentCommon, AgentCommon];2;1;0;-1;-1
0;[AgentCommon, AgentCommon, AgentCommon];[AgentCommon, AgentCommon];2;1;1;-1;-1
0;[AgentCommon, AgentCommon, AgentCommon];[AgentCommon, AgentCommon];2;1;1;-1;-1
1;[AgentCommon, AgentCommon, AgentCommon];[AgentCommon, AgentCommon];0;4;5;-1;-1
0;[AgentCommon, AgentCommon, AgentCommon];[AgentCommon, AgentCommon];2;2;1;-1;-1
0;[AgentCommon, AgentCommon, AgentCommon];[AgentCommon, AgentCommon];2;1;1;-1;-1
0;[AgentCommon, AgentCommon, AgentCommon];[AgentCommon, AgentCommon];2;5;4;-1;-1
0;[AgentCommon, AgentCommon, AgentCommon];[AgentCommon, AgentCommon];2;1;0;-1;-1
0;[AgentCommon, AgentCommon, AgentCommon];[AgentCommon, AgentCommon];2;3;3;-1;-1
0;[AgentCommon, AgentCommon, AgentCommon];[AgentCommon, AgentCommon];2;4;4;-1;-1
1;[AgentCommon, AgentCommon, AgentCommon];[AgentCommon, AgentCommon];0;4;5;-1;-1
0;[AgentCommon, AgentCommon, AgentCommon];[AgentCommon, AgentCommon];2;1;0;-1;-1
1;[AgentCommon, AgentCommon, AgentCommon];[AgentCommon, AgentCommon];0;3;5;-1;-1
0;[AgentCommon, AgentCommon, AgentCommon];[AgentCommon, AgentCommon];2;3;4;-1;-1
0;[AgentCommon, AgentCommon, AgentCommon];[AgentCommon, AgentCommon];2;2;1;-1;-1
1;[AgentCommon, AgentCommon, AgentCommon];[AgentCommon, AgentCommon];0;4;5;-1;-1
1;[AgentCommon, AgentCommon, AgentCommon];[AgentCommon, AgentCommon];0;5;5;-1;-1
1;[AgentCommon, AgentCommon, AgentCommon];[AgentCommon, AgentCommon];0;2;5;-1;-1
0;[AgentCommon, AgentCommon, AgentCommon];[AgentCommon, AgentCommon];2;1;0;-1;-1
0;[AgentCommon, AgentCommon, AgentCommon];[AgentCommon, AgentCommon];2;2;0;-1;-1
0;[AgentCommon, AgentCommon, AgentCommon];[AgentCommon, AgentCommon];2;3;4;-1;-1
0;[AgentCommon, AgentCommon, AgentCommon];[AgentCommon, AgentCommon];2;2;1;-1;-1
0;[AgentCommon, AgentCommon, AgentCommon];[AgentCommon, AgentCommon];2;3;2;-1;-1
1;[AgentCommon, AgentCommon, AgentCommon];[AgentCommon, AgentCommon];0;3;5;-1;-1
0;[AgentCommon, AgentCommon, AgentCommon];[AgentCommon, AgentCommon];2;2;2;-1;-1
1;[AgentCommon, AgentCommon, AgentCommon];[AgentCommon, AgentCommon];0;3;5;-1;-1
0;[AgentCommon, AgentCommon, AgentCommon];[AgentCommon, AgentCommon];2;2;1;-1;-1
1;[AgentCommon, AgentCommon, AgentCommon];[AgentCommon, AgentCommon];0;2;5;-1;-1
1;[AgentCommon, AgentCommon, AgentCommon];[AgentCommon, AgentCommon];0;3;5;-1;-1
0;[AgentCommon, AgentCommon, AgentCommon];[AgentCommon, AgentCommon];2;2;3;-1;-1
0;[AgentCommon, AgentCommon, AgentCommon];[AgentCommon, AgentCommon];2;1;0;-1;-1
1;[AgentCommon, AgentCommon, AgentCommon];[AgentCommon, AgentCommon];0;3;5;-1;-1
0;[AgentCommon, AgentCommon, AgentCommon];[AgentCommon, AgentCommon];2;1;0;-1;-1
0;[AgentCommon, AgentCommon, AgentCommon];[AgentCommon, AgentCommon];2;1;0;-1;-1
1;[AgentCommon, AgentCommon, AgentCommon];[AgentCommon, AgentCommon];0;2;5;-1;-1
0;[AgentCommon, AgentCommon, AgentCommon];[AgentCommon, AgentCommon];2;2;0;-1;-1
0;[AgentCommon, AgentCommon, AgentCommon];[AgentCommon, AgentCommon];2;2;4;-1;-1
1;[AgentCommon, AgentCommon, AgentCommon];[AgentCommon, AgentCommon];0;3;5;-1;-1
0;[AgentCommon, AgentCommon, AgentCommon];[AgentCommon, AgentCommon];2;1;0;-1;-1
0;[AgentCommon, AgentCommon, AgentCommon];[AgentCommon, AgentCommon];2;1;0;-1;-1
0;[AgentCommon, AgentCommon, AgentCommon];[AgentCommon, AgentCommon];2;3;1;-1;-1
0;[AgentCommon, AgentCommon, AgentCommon];[AgentCommon, AgentCommon];2;1;0;-1;-1
0;[AgentCommon, AgentCommon, AgentCommon];[AgentCommon, AgentCommon];2;2;2;-1;-1
1;[AgentCommon, AgentCommon, AgentCommon];[AgentCommon, AgentCommon];0;2;5;-1;-1
0;[AgentCommon, AgentCommon, AgentCommon];[AgentCommon, AgentCommon];2;1;1;-1;-1
0;[AgentCommon, AgentCommon, AgentCommon];[AgentCommon, AgentCommon];2;2;2;-1;-1
1;[AgentCommon, AgentCommon, AgentCommon];[AgentCommon, AgentCommon];0;4;5;-1;-1
0;[AgentCommon, AgentCommon, AgentCommon];[AgentCommon, AgentCommon];2;1;1;-1;-1
0;[AgentCommon, AgentCommon, AgentCommon];[AgentCommon, AgentCommon];2;2;1;-1;-1
0;[AgentCommon, AgentCommon, AgentCommon];[AgentCommon, AgentCommon];2;1;1;-1;-1
1;[AgentCommon, AgentCommon, AgentCommon];[AgentCommon, AgentCommon];0;4;5;-1;-1
1;[AgentCommon, AgentCommon, AgentCommon];[AgentCommon, AgentCommon];0;2;5;-1;-1
0;[AgentCommon, AgentCommon, AgentCommon];[AgentCommon, AgentCommon];2;2;0;-1;-1
0;[AgentCommon, AgentCommon, AgentCommon];[AgentCommon, AgentCommon];2;1;0;-1;-1
0;[AgentCommon, AgentCommon, AgentCommon];[AgentCommon, AgentCommon];2;2;2;-1;-1
0;[AgentCommon, AgentCommon, AgentCommon];[AgentCommon, AgentCommon];2;1;0;-1;-1
0;[AgentCommon, AgentCommon, AgentCommon];[AgentCommon, AgentCommon];2;1;0;-1;-1
0;[AgentCommon, AgentCommon, AgentCommon];[AgentCommon, AgentCommon];2;2;3;-1;-1
1;[AgentCommon, AgentCommon, AgentCommon];[AgentCommon, AgentCommon];0;3;5;-1;-1
0;[AgentCommon, AgentCommon, AgentCommon];[AgentCommon, AgentCommon];2;1;1;-1;-1
0;[AgentCommon, AgentCommon, AgentCommon];[AgentCommon, AgentCommon];2;4;3;-1;-1
1;[AgentCommon, AgentCommon, AgentCommon];[AgentCommon, AgentCommon];0;2;5;-1;-1
0;[AgentCommon, AgentCommon, AgentCommon];[AgentCommon, AgentCommon];2;2;1;-1;-1
0;[AgentCommon, AgentCommon, AgentCommon];[AgentCommon, AgentCommon];2;2;3;-1;-1
0;[AgentCommon, AgentCommon, AgentCommon];[AgentCommon, AgentCommon];2;1;0;-1;-1
0;[AgentCommon, AgentCommon, AgentCommon];[AgentCommon, AgentCommon];2;1;0;-1;-1
0;[AgentCommon, AgentCommon, AgentCommon];[AgentCommon, AgentCommon];2;2;2;-1;-1
0;[AgentCommon, AgentCommon, AgentCommon];[AgentCommon, AgentCommon];2;3;4;-1;-1
0;[AgentCommon, AgentCommon, AgentCommon];[AgentCommon, AgentCommon];1;5;3;-1;-1
0;[AgentCommon, AgentCommon, AgentCommon];[AgentCommon, AgentCommon];2;1;0;-1;-1
0;[AgentCommon, AgentCommon, AgentCommon];[AgentCommon, AgentCommon];2;1;0;-1;-1
0;[AgentCommon, AgentCommon, AgentCommon];[AgentCommon, AgentCommon];2;1;0;-1;-1
0;[AgentCommon, AgentCommon, AgentCommon];[AgentCommon, AgentCommon];2;2;3;-1;-1
1;[AgentCommon, AgentCommon, AgentCommon];[AgentCommon, AgentCommon];0;2;5;-1;-1
0;[AgentCommon, AgentCommon, AgentCommon];[AgentCommon, AgentCommon];2;4;4;-1;-1
0;[AgentCommon, AgentCommon, AgentCommon];[AgentCommon, AgentCommon];2;4;0;-1;-1
0;[AgentCommon, AgentCommon, AgentCommon];[AgentCommon, AgentCommon];2;1;1;-1;-1
0;[AgentCommon, AgentCommon, AgentCommon];[AgentCommon, AgentCommon];2;2;2;-1;-1
0;[AgentCommon, AgentCommon, AgentCommon];[AgentCommon, AgentCommon];2;1;0;-1;-1
0;[AgentCommon, AgentCommon, AgentCommon];[AgentCommon, AgentCommon];2;1;0;-1;-1
0;[AgentCommon, AgentCommon, AgentCommon];[AgentCommon, AgentCommon];2;3;4;-1;-1
0;[AgentCommon, AgentCommon, AgentCommon];[AgentCommon, AgentCommon];2;2;2;-1;-1
1;[AgentCommon, AgentCommon, AgentCommon];[AgentCommon, AgentCommon];0;2;5;-1;-1
0;[AgentCommon, AgentCommon, AgentCommon];[AgentCommon, AgentCommon];2;2;1;-1;-1
0;[AgentCommon, AgentCommon, AgentCommon];[AgentCommon, AgentCommon];2;1;0;-1;-1
0;[AgentCommon, AgentCommon, AgentCommon];[AgentCommon, AgentCommon];2;1;1;-1;-1
0;[AgentCommon, AgentCommon, AgentCommon];[AgentCommon, AgentCommon];2;1;0;-1;-1
0;[AgentCommon, AgentCommon, AgentCommon];[AgentCommon, AgentCommon];2;3;3;-1;-1
0;[AgentCommon, AgentCommon, AgentCommon];[AgentCommon, AgentCommon];2;1;0;-1;-1
1;[AgentCommon, AgentCommon, AgentCommon];[AgentCommon, AgentCommon];0;2;5;-1;-1
0;[AgentCommon, AgentCommon, AgentCommon];[AgentCommon, AgentCommon];2;2;3;-1;-1
1;[AgentCommon, AgentCommon, AgentCommon];[AgentCommon, AgentCommon];0;3;5;-1;-1
0;[AgentCommon, AgentCommon, AgentCommon];[AgentCommon, AgentCommon];2;3;3;-1;-1
0;[AgentCommon, AgentCommon, AgentCommon];[AgentCommon, AgentCommon];2;4;2;-1;-1
0;[AgentCommon, AgentCommon, AgentCommon];[AgentCommon, AgentCommon];2;4;4;-1;-1
0;[AgentCommon, AgentCommon, AgentCommon];[AgentCommon, AgentCommon];2;2;1;-1;-1
0;[AgentCommon, AgentCommon, AgentCommon];[AgentCommon, AgentCommon];2;1;2;-1;-1
1;[AgentCommon, AgentCommon, AgentCommon];[AgentCommon, AgentCommon];0;2;5;-1;-1
1;[AgentCommon, AgentCommon, AgentCommon];[AgentCommon, AgentCommon];0;2;5;-1;-1
0;[AgentCommon, AgentCommon, AgentCommon];[AgentCommon, AgentCommon];2;2;1;-1;-1
1;[AgentCommon, AgentCommon, AgentCommon];[AgentCommon, AgentCommon];0;5;5;-1;-1
0;[AgentCommon, AgentCommon, AgentCommon];[AgentCommon, AgentCommon];2;1;0;-1;-1
0;[AgentCommon, AgentCommon, AgentCommon];[AgentCommon, AgentCommon];2;2;0;-1;-1
1;[AgentCommon, AgentCommon, AgentCommon];[AgentCommon, AgentCommon];0;4;5;-1;-1
0;[AgentCommon, AgentCommon, AgentCommon];[AgentCommon, AgentCommon];2;2;3;-1;-1
0;[AgentCommon, AgentCommon, AgentCommon];[AgentCommon, AgentCommon];2;1;0;-1;-1
1;[AgentCommon, AgentCommon, AgentCommon];[AgentCommon, AgentCommon];0;3;5;-1;-1
0;[AgentCommon, AgentCommon, AgentCommon];[AgentCommon, AgentCommon];2;2;2;-1;-1
0;[AgentCommon, AgentCommon, AgentCommon];[AgentCommon, AgentCommon];2;1;0;-1;-1
0;[AgentCommon, AgentCommon, AgentCommon];[AgentCommon, AgentCommon];2;1;0;-1;-1
0;[AgentCommon, AgentCommon, AgentCommon];[AgentCommon, AgentCommon];2;3;3;-1;-1
1;[AgentCommon, AgentCommon, AgentCommon];[AgentCommon, AgentCommon];0;4;5;-1;-1
0;[AgentCommon, AgentCommon, AgentCommon];[AgentCommon, AgentCommon];2;4;4;-1;-1
0;[AgentCommon, AgentCommon, AgentCommon];[AgentCommon, AgentCommon];2;1;0;-1;-1
0;[AgentCommon, AgentCommon, AgentCommon];[AgentCommon, AgentCommon];2;2;1;-1;-1
0;[AgentCommon, AgentCommon, AgentCommon];[AgentCommon, AgentCommon];2;2;2;-1;-1
1;[AgentCommon, AgentCommon, AgentCommon];[AgentCommon, AgentCommon];0;3;5;-1;-1
0;[AgentCommon, AgentCommon, AgentCommon];[AgentCommon, AgentCommon];2;1;0;-1;-1
1;[AgentCommon, AgentCommon, AgentCommon];[AgentCommon, AgentCommon];0;2;5;-1;-1
0;[AgentCommon, AgentCommon, AgentCommon];[AgentCommon, AgentCommon];2;2;2;-1;-1
0;[AgentCommon, AgentCommon, AgentCommon];[AgentCommon, AgentCommon];2;3;3;-1;-1
0;[AgentCommon, AgentCommon, AgentCommon];[AgentCommon, AgentCommon];2;2;1;-1;-1
1;[AgentCommon, AgentCommon, AgentCommon];[AgentCommon, AgentCommon];0;3;5;-1;-1
1;[AgentCommon, AgentCommon, AgentCommon];[AgentCommon, AgentCommon];0;3;5;-1;-1
0;[AgentCommon, AgentCommon, AgentCommon];[AgentCommon, AgentCommon];2;1;3;-1;-1
0;[AgentCommon, AgentCommon, AgentCommon];[AgentCommon, AgentCommon];2;2;2;-1;-1
1;[AgentCommon, AgentCommon, AgentCommon];[AgentCommon, AgentCommon];0;3;5;-1;-1
0;[AgentCommon, AgentCommon, AgentCommon];[AgentCommon, AgentCommon];2;2;1;-1;-1
1;[AgentCommon, AgentCommon, AgentCommon];[AgentCommon, AgentCommon];0;2;5;-1;-1
0;[AgentCommon, AgentCommon, AgentCommon];[AgentCommon, AgentCommon];2;4;4;-1;-1
1;[AgentCommon, AgentCommon, AgentCommon];[AgentCommon, AgentCommon];0;2;5;-1;-1
0;[AgentCommon, AgentCommon, AgentCommon];[AgentCommon, AgentCommon];2;2;2;-1;-1
0;[AgentCommon, AgentCommon, AgentCommon];[AgentCommon, AgentCommon];2;3;2;-1;-1
0;[AgentCommon, AgentCommon, AgentCommon];[AgentCommon, AgentCommon];2;3;3;-1;-1
0;[AgentCommon, AgentCommon, AgentCommon];[AgentCommon, AgentCommon];2;3;3;-1;-1
0;[AgentCommon, AgentCommon, AgentCommon];[AgentCommon, AgentCommon];2;1;0;-1;-1
0;[AgentCommon, AgentCommon, AgentCommon];[AgentCommon, AgentCommon];2;4;0;-1;-1
0;[AgentCommon, AgentCommon, AgentCommon];[AgentCommon, AgentCommon];2;3;1;-1;-1
0;[AgentCommon, AgentCommon, AgentCommon];[AgentCommon, AgentCommon];2;1;0;-1;-1
0;[AgentCommon, AgentCommon, AgentCommon];[AgentCommon, AgentCommon];2;5;4;-1;-1
0;[AgentCommon, AgentCommon, AgentCommon];[AgentCommon, AgentCommon];2;3;3;-1;-1
0;[AgentCommon, AgentCommon, AgentCommon];[AgentCommon, AgentCommon];2;2;2;-1;-1
0;[AgentCommon, AgentCommon, AgentCommon];[AgentCommon, AgentCommon];2;2;4;-1;-1
1;[AgentCommon, AgentCommon, AgentCommon];[AgentCommon, AgentCommon];0;3;5;-1;-1
0;[AgentCommon, AgentCommon, AgentCommon];[AgentCommon, AgentCommon];2;3;3;-1;-1
1;[AgentCommon, AgentCommon, AgentCommon];[AgentCommon, AgentCommon];0;3;5;-1;-1
0;[AgentCommon, AgentCommon, AgentCommon];[AgentCommon, AgentCommon];2;1;0;-1;-1
0;[AgentCommon, AgentCommon, AgentCommon];[AgentCommon, AgentCommon];2;1;0;-1;-1
0;[AgentCommon, AgentCommon, AgentCommon];[AgentCommon, AgentCommon];2;1;0;-1;-1
0;[AgentCommon, AgentCommon, AgentCommon];[AgentCommon, AgentCommon];2;1;0;-1;-1
0;[AgentCommon, AgentCommon, AgentCommon];[AgentCommon, AgentCommon];2;3;4;-1;-1
0;[AgentCommon, AgentCommon, AgentCommon];[AgentCommon, AgentCommon];2;1;0;-1;-1
0;[AgentCommon, AgentCommon, AgentCommon];[AgentCommon, AgentCommon];2;2;3;-1;-1
0;[AgentCommon, AgentCommon, AgentCommon];[AgentCommon, AgentCommon];2;2;4;-1;-1
0;[AgentCommon, AgentCommon, AgentCommon];[AgentCommon, AgentCommon];2;4;4;-1;-1
0;[AgentCommon, AgentCommon, AgentCommon];[AgentCommon, AgentCommon];2;1;0;-1;-1
0;[AgentCommon, AgentCommon, AgentCommon];[AgentCommon, AgentCommon];2;4;3;-1;-1
1;[AgentCommon, AgentCommon, AgentCommon];[AgentCommon, AgentCommon];0;3;5;-1;-1
0;[AgentCommon, AgentCommon, AgentCommon];[AgentCommon, AgentCommon];2;2;1;-1;-1
0;[AgentCommon, AgentCommon, AgentCommon];[AgentCommon, AgentCommon];2;2;3;-1;-1
0;[AgentCommon, AgentCommon, AgentCommon];[AgentCommon, AgentCommon];2;2;2;-1;-1
0;[AgentCommon, AgentCommon, AgentCommon];[AgentCommon, AgentCommon];2;1;0;-1;-1
0;[AgentCommon, AgentCommon, AgentCommon];[AgentCommon, AgentCommon];2;4;4;-1;-1
0;[AgentCommon, AgentCommon, AgentCommon];[AgentCommon, AgentCommon];1;5;4;-1;-1
0;[AgentCommon, AgentCommon, AgentCommon];[AgentCommon, AgentCommon];2;1;0;-1;-1
0;[AgentCommon, AgentCommon, AgentCommon];[AgentCommon, AgentCommon];2;4;4;-1;-1
0;[AgentCommon, AgentCommon, AgentCommon];[AgentCommon, AgentCommon];2;3;3;-1;-1
0;[AgentCommon, AgentCommon, AgentCommon];[AgentCommon, AgentCommon];2;2;2;-1;-1
0;[AgentCommon, AgentCommon, AgentCommon];[AgentCommon, AgentCommon];2;1;0;-1;-1
0;[AgentCommon, AgentCommon, AgentCommon];[AgentCommon, AgentCommon];2;1;0;-1;-1
0;[AgentCommon, AgentCommon, AgentCommon];[AgentCommon, AgentCommon];2;2;3;-1;-1
1;[AgentCommon, AgentCommon, AgentCommon];[AgentCommon, AgentCommon];0;5;5;-1;-1
0;[AgentCommon, AgentCommon, AgentCommon];[AgentCommon, AgentCommon];2;1;0;-1;-1
1;[AgentCommon, AgentCommon, AgentCommon];[AgentCommon, AgentCommon];0;2;5;-1;-1
0;[AgentCommon, AgentCommon, AgentCommon];[AgentCommon, AgentCommon];2;2;2;-1;-1
0;[AgentCommon, AgentCommon, AgentCommon];[AgentCommon, AgentCommon];2;1;0;-1;-1
1;[AgentCommon, AgentCommon, AgentCommon];[AgentCommon, AgentCommon];0;3;5;-1;-1
0;[AgentCommon, AgentCommon, AgentCommon];[AgentCommon, AgentCommon];2;2;1;-1;-1
0;[AgentCommon, AgentCommon, AgentCommon];[AgentCommon, AgentCommon];2;1;0;-1;-1
1;[AgentCommon, AgentCommon, AgentCommon];[AgentCommon, AgentCommon];0;4;5;-1;-1
0;[AgentCommon, AgentCommon, AgentCommon];[AgentCommon, AgentCommon];2;1;1;-1;-1
0;[AgentCommon, AgentCommon, AgentCommon];[AgentCommon, AgentCommon];2;2;2;-1;-1
0;[AgentCommon, AgentCommon, AgentCommon];[AgentCommon, AgentCommon];2;4;4;-1;-1
1;[AgentCommon, AgentCommon, AgentCommon];[AgentCommon, AgentCommon];0;3;5;-1;-1
1;[AgentCommon, AgentCommon, AgentCommon];[AgentCommon, AgentCommon];0;4;5;-1;-1
0;[AgentCommon, AgentCommon, AgentCommon];[AgentCommon, AgentCommon];2;3;2;-1;-1
0;[AgentCommon, AgentCommon, AgentCommon];[AgentCommon, AgentCommon];2;1;0;-1;-1
0;[AgentCommon, AgentCommon, AgentCommon];[AgentCommon, AgentCommon];2;5;4;-1;-1
0;[AgentCommon, AgentCommon, AgentCommon];[AgentCommon, AgentCommon];2;1;1;-1;-1
0;[AgentCommon, AgentCommon, AgentCommon];[AgentCommon, AgentCommon];2;5;4;-1;-1
1;[AgentCommon, AgentCommon, AgentCommon];[AgentCommon, AgentCommon];0;4;5;-1;-1
0;[AgentCommon, AgentCommon, AgentCommon];[AgentCommon, AgentCommon];2;1;1;-1;-1
1;[AgentCommon, AgentCommon, AgentCommon];[AgentCommon, AgentCommon];0;2;5;-1;-1
1;[AgentCommon, AgentCommon, AgentCommon];[AgentCommon, AgentCommon];0;5;5;-1;-1
0;[AgentCommon, AgentCommon, AgentCommon];[AgentCommon, AgentCommon];2;2;0;-1;-1
0;[AgentCommon, AgentCommon, AgentCommon];[AgentCommon, AgentCommon];2;1;0;-1;-1
0;[AgentCommon, AgentCommon, AgentCommon];[AgentCommon, AgentCommon];2;2;0;-1;-1
0;[AgentCommon, AgentCommon, AgentCommon];[AgentCommon, AgentCommon];2;1;1;-1;-1
0;[AgentCommon, AgentCommon, AgentCommon];[AgentCommon, AgentCommon];2;3;3;-1;-1
0;[AgentCommon, AgentCommon, AgentCommon];[AgentCommon, AgentCommon];2;1;0;-1;-1
0;[AgentCommon, AgentCommon, AgentCommon];[AgentCommon, AgentCommon];2;3;3;-1;-1
0;[AgentCommon, AgentCommon, AgentCommon];[AgentCommon, AgentCommon];2;4;3;-1;-1
0;[AgentCommon, AgentCommon, AgentCommon];[AgentCommon, AgentCommon];2;1;0;-1;-1
1;[AgentCommon, AgentCommon, AgentCommon];[AgentCommon, AgentCommon];0;2;5;-1;-1
1;[AgentCommon, AgentCommon, AgentCommon];[AgentCommon, AgentCommon];0;5;5;-1;-1
1;[AgentCommon, AgentCommon, AgentCommon];[AgentCommon, AgentCommon];0;3;5;-1;-1
1;[AgentCommon, AgentCommon, AgentCommon];[AgentCommon, AgentCommon];0;2;5;-1;-1
1;[AgentCommon, AgentCommon, AgentCommon];[AgentCommon, AgentCommon];0;3;5;-1;-1
1;[AgentCommon, AgentCommon, AgentCommon];[AgentCommon, AgentCommon];0;2;5;-1;-1
0;[AgentCommon, AgentCommon, AgentCommon];[AgentCommon, AgentCommon];2;1;0;-1;-1
0;[AgentCommon, AgentCommon, AgentCommon];[AgentCommon, AgentCommon];2;2;2;-1;-1
0;[AgentCommon, AgentCommon, AgentCommon];[AgentCommon, AgentCommon];2;1;0;-1;-1
0;[AgentCommon, AgentCommon, AgentCommon];[AgentCommon, AgentCommon];2;2;2;-1;-1
0;[AgentCommon, AgentCommon, AgentCommon];[AgentCommon, AgentCommon];2;2;3;-1;-1
0;[AgentCommon, AgentCommon, AgentCommon];[AgentCommon, AgentCommon];2;1;1;-1;-1
0;[AgentCommon, AgentCommon, AgentCommon];[AgentCommon, AgentCommon];2;3;4;-1;-1
0;[AgentCommon, AgentCommon, AgentCommon];[AgentCommon, AgentCommon];2;4;4;-1;-1
0;[AgentCommon, AgentCommon, AgentCommon];[AgentCommon, AgentCommon];2;2;2;-1;-1
0;[AgentCommon, AgentCommon, AgentCommon];[AgentCommon, AgentCommon];2;1;0;-1;-1
0;[AgentCommon, AgentCommon, AgentCommon];[AgentCommon, AgentCommon];2;1;0;-1;-1
1;[AgentCommon, AgentCommon, AgentCommon];[AgentCommon, AgentCommon];0;3;5;-1;-1
0;[AgentCommon, AgentCommon, AgentCommon];[AgentCommon, AgentCommon];2;2;1;-1;-1
0;[AgentCommon, AgentCommon, AgentCommon];[AgentCommon, AgentCommon];2;5;3;-1;-1
0;[AgentCommon, AgentCommon, AgentCommon];[AgentCommon, AgentCommon];2;2;0;-1;-1
0;[AgentCommon, AgentCommon, AgentCommon];[AgentCommon, AgentCommon];2;1;1;-1;-1
1;[AgentCommon, AgentCommon, AgentCommon];[AgentCommon, AgentCommon];0;4;5;-1;-1
1;[AgentCommon, AgentCommon, AgentCommon];[AgentCommon, AgentCommon];0;5;5;-1;-1
0;[AgentCommon, AgentCommon, AgentCommon];[AgentCommon, AgentCommon];2;2;0;-1;-1
0;[AgentCommon, AgentCommon, AgentCommon];[AgentCommon, AgentCommon];2;1;1;-1;-1
1;[AgentCommon, AgentCommon, AgentCommon];[AgentCommon, AgentCommon];0;4;5;-1;-1
1;[AgentCommon, AgentCommon, AgentCommon];[AgentCommon, AgentCommon];0;3;5;-1;-1
0;[AgentCommon, AgentCommon, AgentCommon];[AgentCommon, AgentCommon];2;4;4;-1;-1
0;[AgentCommon, AgentCommon, AgentCommon];[AgentCommon, AgentCommon];2;1;0;-1;-1
0;[AgentCommon, AgentCommon, AgentCommon];[AgentCommon, AgentCommon];2;2;3;-1;-1
0;[AgentCommon, AgentCommon, AgentCommon];[AgentCommon, AgentCommon];1;5;4;-1;-1
0;[AgentCommon, AgentCommon, AgentCommon];[AgentCommon, AgentCommon];2;3;3;-1;-1
0;[AgentCommon, AgentCommon, AgentCommon];[AgentCommon, AgentCommon];2;3;4;-1;-1
0;[AgentCommon, AgentCommon, AgentCommon];[AgentCommon, AgentCommon];2;1;0;-1;-1
1;[AgentCommon, AgentCommon, AgentCommon];[AgentCommon, AgentCommon];0;5;5;-1;-1
0;[AgentCommon, AgentCommon, AgentCommon];[AgentCommon, AgentCommon];2;1;1;-1;-1
1;[AgentCommon, AgentCommon, AgentCommon];[AgentCommon, AgentCommon];0;3;5;-1;-1
0;[AgentCommon, AgentCommon, AgentCommon];[AgentCommon, AgentCommon];2;1;0;-1;-1
0;[AgentCommon, AgentCommon, AgentCommon];[AgentCommon, AgentCommon];2;2;2;-1;-1
0;[AgentCommon, AgentCommon, AgentCommon];[AgentCommon, AgentCommon];2;2;2;-1;-1
0;[AgentCommon, AgentCommon, AgentCommon];[AgentCommon, AgentCommon];2;2;1;-1;-1
1;[AgentCommon, AgentCommon, AgentCommon];[AgentCommon, AgentCommon];0;2;5;-1;-1
0;[AgentCommon, AgentCommon, AgentCommon];[AgentCommon, AgentCommon];2;1;0;-1;-1
0;[AgentCommon, AgentCommon, AgentCommon];[AgentCommon, AgentCommon];2;2;1;-1;-1
0;[AgentCommon, AgentCommon, AgentCommon];[AgentCommon, AgentCommon];2;2;2;-1;-1
1;[AgentCommon, AgentCommon, AgentCommon];[AgentCommon, AgentCommon];0;5;5;-1;-1
0;[AgentCommon, AgentCommon, AgentCommon];[AgentCommon, AgentCommon];2;1;0;-1;-1
0;[AgentCommon, AgentCommon, AgentCommon];[AgentCommon, AgentCommon];2;1;0;-1;-1
1;[AgentCommon, AgentCommon, AgentCommon];[AgentCommon, AgentCommon];0;3;5;-1;-1
1;[AgentCommon, AgentCommon, AgentCommon];[AgentCommon, AgentCommon];0;4;5;-1;-1
1;[AgentCommon, AgentCommon, AgentCommon];[AgentCommon, AgentCommon];0;4;5;-1;-1
0;[AgentCommon, AgentCommon, AgentCommon];[AgentCommon, AgentCommon];2;1;0;-1;-1
1;[AgentCommon, AgentCommon, AgentCommon];[AgentCommon, AgentCommon];0;2;5;-1;-1
0;[AgentCommon, AgentCommon, AgentCommon];[AgentCommon, AgentCommon];2;1;0;-1;-1
0;[AgentCommon, AgentCommon, AgentCommon];[AgentCommon, AgentCommon];2;1;0;-1;-1
0;[AgentCommon, AgentCommon, AgentCommon];[AgentCommon, AgentCommon];2;3;4;-1;-1
1;[AgentCommon, AgentCommon, AgentCommon];[AgentCommon, AgentCommon];0;3;5;-1;-1
1;[AgentCommon, AgentCommon, AgentCommon];[AgentCommon, AgentCommon];0;3;5;-1;-1
0;[AgentCommon, AgentCommon, AgentCommon];[AgentCommon, AgentCommon];2;2;3;-1;-1
1;[AgentCommon, AgentCommon, AgentCommon];[AgentCommon, AgentCommon];0;4;5;-1;-1
0;[AgentCommon, AgentCommon, AgentCommon];[AgentCommon, AgentCommon];2;2;2;-1;-1
1;[AgentCommon, AgentCommon, AgentCommon];[AgentCommon, AgentCommon];0;3;5;-1;-1
0;[AgentCommon, AgentCommon, AgentCommon];[AgentCommon, AgentCommon];2;2;2;-1;-1
1;[AgentCommon, AgentCommon, AgentCommon];[AgentCommon, AgentCommon];0;3;5;-1;-1
0;[AgentCommon, AgentCommon, AgentCommon];[AgentCommon, AgentCommon];1;5;4;-1;-1
0;[AgentCommon, AgentCommon, AgentCommon];[AgentCommon, AgentCommon];2;2;2;-1;-1
0;[AgentCommon, AgentCommon, AgentCommon];[AgentCommon, AgentCommon];2;2;1;-1;-1
1;[AgentCommon, AgentCommon, AgentCommon];[AgentCommon, AgentCommon];0;4;5;-1;-1
0;[AgentCommon, AgentCommon, AgentCommon];[AgentCommon, AgentCommon];2;2;1;-1;-1
0;[AgentCommon, AgentCommon, AgentCommon];[AgentCommon, AgentCommon];2;2;3;-1;-1
0;[AgentCommon, AgentCommon, AgentCommon];[AgentCommon, AgentCommon];2;3;4;-1;-1
1;[AgentCommon, AgentCommon, AgentCommon];[AgentCommon, AgentCommon];0;2;5;-1;-1
0;[AgentCommon, AgentCommon, AgentCommon];[AgentCommon, AgentCommon];2;2;2;-1;-1
1;[AgentCommon, AgentCommon, AgentCommon];[AgentCommon, AgentCommon];0;4;5;-1;-1
0;[AgentCommon, AgentCommon, AgentCommon];[AgentCommon, AgentCommon];2;2;3;-1;-1
0;[AgentCommon, AgentCommon, AgentCommon];[AgentCommon, AgentCommon];2;4;3;-1;-1
0;[AgentCommon, AgentCommon, AgentCommon];[AgentCommon, AgentCommon];2;3;4;-1;-1
0;[AgentCommon, AgentCommon, AgentCommon];[AgentCommon, AgentCommon];2;2;3;-1;-1
1;[AgentCommon, AgentCommon, AgentCommon];[AgentCommon, AgentCommon];0;3;5;-1;-1
0;[AgentCommon, AgentCommon, AgentCommon];[AgentCommon, AgentCommon];2;1;0;-1;-1
0;[AgentCommon, AgentCommon, AgentCommon];[AgentCommon, AgentCommon];2;2;3;-1;-1
0;[AgentCommon, AgentCommon, AgentCommon];[AgentCommon, AgentCommon];2;1;0;-1;-1
0;[AgentCommon, AgentCommon, AgentCommon];[AgentCommon, AgentCommon];2;2;3;-1;-1
1;[AgentCommon, AgentCommon, AgentCommon];[AgentCommon, AgentCommon];0;2;5;-1;-1
0;[AgentCommon, AgentCommon, AgentCommon];[AgentCommon, AgentCommon];2;2;2;-1;-1
0;[AgentCommon, AgentCommon, AgentCommon];[AgentCommon, AgentCommon];2;2;4;-1;-1
1;[AgentCommon, AgentCommon, AgentCommon];[AgentCommon, AgentCommon];0;3;5;-1;-1
0;[AgentCommon, AgentCommon, AgentCommon];[AgentCommon, AgentCommon];2;5;3;-1;-1
1;[AgentCommon, AgentCommon, AgentCommon];[AgentCommon, AgentCommon];0;4;5;-1;-1
1;[AgentCommon, AgentCommon, AgentCommon];[AgentCommon, AgentCommon];0;6;5;-1;-1
0;[AgentCommon, AgentCommon, AgentCommon];[AgentCommon, AgentCommon];2;3;3;-1;-1
0;[AgentCommon, AgentCommon, AgentCommon];[AgentCommon, AgentCommon];2;2;3;-1;-1
0;[AgentCommon, AgentCommon, AgentCommon];[AgentCommon, AgentCommon];2;2;1;-1;-1
0;[AgentCommon, AgentCommon, AgentCommon];[AgentCommon, AgentCommon];2;3;3;-1;-1
1;[AgentCommon, AgentCommon, AgentCommon];[AgentCommon, AgentCommon];0;3;5;-1;-1
0;[AgentCommon, AgentCommon, AgentCommon];[AgentCommon, AgentCommon];2;1;0;-1;-1
0;[AgentCommon, AgentCommon, AgentCommon];[AgentCommon, AgentCommon];2;2;3;-1;-1
0;[AgentCommon, AgentCommon, AgentCommon];[AgentCommon, AgentCommon];2;1;1;-1;-1
0;[AgentCommon, AgentCommon, AgentCommon];[AgentCommon, AgentCommon];2;2;0;-1;-1
0;[AgentCommon, AgentCommon, AgentCommon];[AgentCommon, AgentCommon];2;4;4;-1;-1
0;[AgentCommon, AgentCommon, AgentCommon];[AgentCommon, AgentCommon];2;2;1;-1;-1
0;[AgentCommon, AgentCommon, AgentCommon];[AgentCommon, AgentCommon];2;3;3;-1;-1
1;[AgentCommon, AgentCommon, AgentCommon];[AgentCommon, AgentCommon];0;4;5;-1;-1
0;[AgentCommon, AgentCommon, AgentCommon];[AgentCommon, AgentCommon];2;2;1;-1;-1
0;[AgentCommon, AgentCommon, AgentCommon];[AgentCommon, AgentCommon];2;2;1;-1;-1
0;[AgentCommon, AgentCommon, AgentCommon];[AgentCommon, AgentCommon];2;2;1;-1;-1
0;[AgentCommon, AgentCommon, AgentCommon];[AgentCommon, AgentCommon];2;2;2;-1;-1
1;[AgentCommon, AgentCommon, AgentCommon];[AgentCommon, AgentCommon];0;3;5;-1;-1
1;[AgentCommon, AgentCommon, AgentCommon];[AgentCommon, AgentCommon];0;3;5;-1;-1
0;[AgentCommon, AgentCommon, AgentCommon];[AgentCommon, AgentCommon];2;2;2;-1;-1
1;[AgentCommon, AgentCommon, AgentCommon];[AgentCommon, AgentCommon];0;4;5;-1;-1
0;[AgentCommon, AgentCommon, AgentCommon];[AgentCommon, AgentCommon];2;3;4;-1;-1
0;[AgentCommon, AgentCommon, AgentCommon];[AgentCommon, AgentCommon];2;2;0;-1;-1
0;[AgentCommon, AgentCommon, AgentCommon];[AgentCommon, AgentCommon];2;2;3;-1;-1
0;[AgentCommon, AgentCommon, AgentCommon];[AgentCommon, AgentCommon];2;4;4;-1;-1
0;[AgentCommon, AgentCommon, AgentCommon];[AgentCommon, AgentCommon];2;2;1;-1;-1
0;[AgentCommon, AgentCommon, AgentCommon];[AgentCommon, AgentCommon];2;1;1;-1;-1
0;[AgentCommon, AgentCommon, AgentCommon];[AgentCommon, AgentCommon];2;3;2;-1;-1
0;[AgentCommon, AgentCommon, AgentCommon];[AgentCommon, AgentCommon];2;1;0;-1;-1
0;[AgentCommon, AgentCommon, AgentCommon];[AgentCommon, AgentCommon];2;1;0;-1;-1
0;[AgentCommon, AgentCommon, AgentCommon];[AgentCommon, AgentCommon];2;4;4;-1;-1
0;[AgentCommon, AgentCommon, AgentCommon];[AgentCommon, AgentCommon];2;1;0;-1;-1
0;[AgentCommon, AgentCommon, AgentCommon];[AgentCommon, AgentCommon];2;3;4;-1;-1
0;[AgentCommon, AgentCommon, AgentCommon];[AgentCommon, AgentCommon];2;2;3;-1;-1
0;[AgentCommon, AgentCommon, AgentCommon];[AgentCommon, AgentCommon];2;1;0;-1;-1
0;[AgentCommon, AgentCommon, AgentCommon];[AgentCommon, AgentCommon];2;2;0;-1;-1
0;[AgentCommon, AgentCommon, AgentCommon];[AgentCommon, AgentCommon];2;3;4;-1;-1
1;[AgentCommon, AgentCommon, AgentCommon];[AgentCommon, AgentCommon];0;2;5;-1;-1
0;[AgentCommon, AgentCommon, AgentCommon];[AgentCommon, AgentCommon];2;2;2;-1;-1
1;[AgentCommon, AgentCommon, AgentCommon];[AgentCommon, AgentCommon];0;2;5;-1;-1
1;[AgentCommon, AgentCommon, AgentCommon];[AgentCommon, AgentCommon];0;2;5;-1;-1
0;[AgentCommon, AgentCommon, AgentCommon];[AgentCommon, AgentCommon];2;2;3;-1;-1
0;[AgentCommon, AgentCommon, AgentCommon];[AgentCommon, AgentCommon];2;2;2;-1;-1
0;[AgentCommon, AgentCommon, AgentCommon];[AgentCommon, AgentCommon];2;2;3;-1;-1
0;[AgentCommon, AgentCommon, AgentCommon];[AgentCommon, AgentCommon];2;5;3;-1;-1
0;[AgentCommon, AgentCommon, AgentCommon];[AgentCommon, AgentCommon];2;3;3;-1;-1
0;[AgentCommon, AgentCommon, AgentCommon];[AgentCommon, AgentCommon];2;3;4;-1;-1
0;[AgentCommon, AgentCommon, AgentCommon];[AgentCommon, AgentCommon];2;5;3;-1;-1
0;[AgentCommon, AgentCommon, AgentCommon];[AgentCommon, AgentCommon];2;1;1;-1;-1
0;[AgentCommon, AgentCommon, AgentCommon];[AgentCommon, AgentCommon];2;1;0;-1;-1
0;[AgentCommon, AgentCommon, AgentCommon];[AgentCommon, AgentCommon];2;2;4;-1;-1
0;[AgentCommon, AgentCommon, AgentCommon];[AgentCommon, AgentCommon];2;2;3;-1;-1
0;[AgentCommon, AgentCommon, AgentCommon];[AgentCommon, AgentCommon];2;2;2;-1;-1
0;[AgentCommon, AgentCommon, AgentCommon];[AgentCommon, AgentCommon];2;3;4;-1;-1
0;[AgentCommon, AgentCommon, AgentCommon];[AgentCommon, AgentCommon];2;1;0;-1;-1
0;[AgentCommon, AgentCommon, AgentCommon];[AgentCommon, AgentCommon];2;2;2;-1;-1
0;[AgentCommon, AgentCommon, AgentCommon];[AgentCommon, AgentCommon];2;2;2;-1;-1
1;[AgentCommon, AgentCommon, AgentCommon];[AgentCommon, AgentCommon];0;3;5;-1;-1
0;[AgentCommon, AgentCommon, AgentCommon];[AgentCommon, AgentCommon];2;2;3;-1;-1
1;[AgentCommon, AgentCommon, AgentCommon];[AgentCommon, AgentCommon];0;2;5;-1;-1
1;[AgentCommon, AgentCommon, AgentCommon];[AgentCommon, AgentCommon];0;5;5;-1;-1
0;[AgentCommon, AgentCommon, AgentCommon];[AgentCommon, AgentCommon];2;1;0;-1;-1
0;[AgentCommon, AgentCommon, AgentCommon];[AgentCommon, AgentCommon];2;1;0;-1;-1
0;[AgentCommon, AgentCommon, AgentCommon];[AgentCommon, AgentCommon];2;3;4;-1;-1
0;[AgentCommon, AgentCommon, AgentCommon];[AgentCommon, AgentCommon];2;1;0;-1;-1
0;[AgentCommon, AgentCommon, AgentCommon];[AgentCommon, AgentCommon];2;4;4;-1;-1
1;[AgentCommon, AgentCommon, AgentCommon];[AgentCommon, AgentCommon];0;3;5;-1;-1
0;[AgentCommon, AgentCommon, AgentCommon];[AgentCommon, AgentCommon];2;3;1;-1;-1
0;[AgentCommon, AgentCommon, AgentCommon];[AgentCommon, AgentCommon];2;2;1;-1;-1
0;[AgentCommon, AgentCommon, AgentCommon];[AgentCommon, AgentCommon];2;3;2;-1;-1
1;[AgentCommon, AgentCommon, AgentCommon];[AgentCommon, AgentCommon];0;3;5;-1;-1
0;[AgentCommon, AgentCommon, AgentCommon];[AgentCommon, AgentCommon];2;2;2;-1;-1
0;[AgentCommon, AgentCommon, AgentCommon];[AgentCommon, AgentCommon];2;2;0;-1;-1
0;[AgentCommon, AgentCommon, AgentCommon];[AgentCommon, AgentCommon];2;3;2;-1;-1
1;[AgentCommon, AgentCommon, AgentCommon];[AgentCommon, AgentCommon];0;3;5;-1;-1
0;[AgentCommon, AgentCommon, AgentCommon];[AgentCommon, AgentCommon];2;2;2;-1;-1
0;[AgentCommon, AgentCommon, AgentCommon];[AgentCommon, AgentCommon];2;2;3;-1;-1
0;[AgentCommon, AgentCommon, AgentCommon];[AgentCommon, AgentCommon];2;1;0;-1;-1
0;[AgentCommon, AgentCommon, AgentCommon];[AgentCommon, AgentCommon];2;2;0;-1;-1
0;[AgentCommon, AgentCommon, AgentCommon];[AgentCommon, AgentCommon];2;2;1;-1;-1
0;[AgentCommon, AgentCommon, AgentCommon];[AgentCommon, AgentCommon];2;2;0;-1;-1
1;[AgentCommon, AgentCommon, AgentCommon];[AgentCommon, AgentCommon];0;2;5;-1;-1
0;[AgentCommon, AgentCommon, AgentCommon];[AgentCommon, AgentCommon];2;2;3;-1;-1
0;[AgentCommon, AgentCommon, AgentCommon];[AgentCommon, AgentCommon];2;2;3;-1;-1
1;[AgentCommon, AgentCommon, AgentCommon];[AgentCommon, AgentCommon];0;2;5;-1;-1
1;[AgentCommon, AgentCommon, AgentCommon];[AgentCommon, AgentCommon];0;2;5;-1;-1
0;[AgentCommon, AgentCommon, AgentCommon];[AgentCommon, AgentCommon];2;2;1;-1;-1
0;[AgentCommon, AgentCommon, AgentCommon];[AgentCommon, AgentCommon];2;2;3;-1;-1
0;[AgentCommon, AgentCommon, AgentCommon];[AgentCommon, AgentCommon];2;1;0;-1;-1
0;[AgentCommon, AgentCommon, AgentCommon];[AgentCommon, AgentCommon];2;2;2;-1;-1
0;[AgentCommon, AgentCommon, AgentCommon];[AgentCommon, AgentCommon];2;1;0;-1;-1
0;[AgentCommon, AgentCommon, AgentCommon];[AgentCommon, AgentCommon];2;2;2;-1;-1
0;[AgentCommon, AgentCommon, AgentCommon];[AgentCommon, AgentCommon];2;1;0;-1;-1
0;[AgentCommon, AgentCommon, AgentCommon];[AgentCommon, AgentCommon];2;2;2;-1;-1
0;[AgentCommon, AgentCommon, AgentCommon];[AgentCommon, AgentCommon];2;2;2;-1;-1
0;[AgentCommon, AgentCommon, AgentCommon];[AgentCommon, AgentCommon];2;2;2;-1;-1
1;[AgentCommon, AgentCommon, AgentCommon];[AgentCommon, AgentCommon];0;4;5;-1;-1
1;[AgentCommon, AgentCommon, AgentCommon];[AgentCommon, AgentCommon];0;3;5;-1;-1
0;[AgentCommon, AgentCommon, AgentCommon];[AgentCommon, AgentCommon];2;1;1;-1;-1
1;[AgentCommon, AgentCommon, AgentCommon];[AgentCommon, AgentCommon];0;2;5;-1;-1
1;[AgentCommon, AgentCommon, AgentCommon];[AgentCommon, AgentCommon];0;5;5;-1;-1
1;[AgentCommon, AgentCommon, AgentCommon];[AgentCommon, AgentCommon];0;3;5;-1;-1
0;[AgentCommon, AgentCommon, AgentCommon];[AgentCommon, AgentCommon];2;1;0;-1;-1
0;[AgentCommon, AgentCommon, AgentCommon];[AgentCommon, AgentCommon];2;2;3;-1;-1
0;[AgentCommon, AgentCommon, AgentCommon];[AgentCommon, AgentCommon];2;2;1;-1;-1
0;[AgentCommon, AgentCommon, AgentCommon];[AgentCommon, AgentCommon];2;2;2;-1;-1
0;[AgentCommon, AgentCommon, AgentCommon];[AgentCommon, AgentCommon];2;1;1;-1;-1
0;[AgentCommon, AgentCommon, AgentCommon];[AgentCommon, AgentCommon];2;1;0;-1;-1
1;[AgentCommon, AgentCommon, AgentCommon];[AgentCommon, AgentCommon];0;2;5;-1;-1
0;[AgentCommon, AgentCommon, AgentCommon];[AgentCommon, AgentCommon];2;1;0;-1;-1
0;[AgentCommon, AgentCommon, AgentCommon];[AgentCommon, AgentCommon];2;3;1;-1;-1
0;[AgentCommon, AgentCommon, AgentCommon];[AgentCommon, AgentCommon];2;1;0;-1;-1
1;[AgentCommon, AgentCommon, AgentCommon];[AgentCommon, AgentCommon];0;5;5;-1;-1
1;[AgentCommon, AgentCommon, AgentCommon];[AgentCommon, AgentCommon];0;5;5;-1;-1
0;[AgentCommon, AgentCommon, AgentCommon];[AgentCommon, AgentCommon];2;3;3;-1;-1
0;[AgentCommon, AgentCommon, AgentCommon];[AgentCommon, AgentCommon];2;2;1;-1;-1
0;[AgentCommon, AgentCommon, AgentCommon];[AgentCommon, AgentCommon];2;2;2;-1;-1
1;[AgentCommon, AgentCommon, AgentCommon];[AgentCommon, AgentCommon];0;4;5;-1;-1
1;[AgentCommon, AgentCommon, AgentCommon];[AgentCommon, AgentCommon];0;4;5;-1;-1
0;[AgentCommon, AgentCommon, AgentCommon];[AgentCommon, AgentCommon];2;2;2;-1;-1
1;[AgentCommon, AgentCommon, AgentCommon];[AgentCommon, AgentCommon];0;2;5;-1;-1
0;[AgentCommon, AgentCommon, AgentCommon];[AgentCommon, AgentCommon];2;1;0;-1;-1
0;[AgentCommon, AgentCommon, AgentCommon];[AgentCommon, AgentCommon];2;4;3;-1;-1
0;[AgentCommon, AgentCommon, AgentCommon];[AgentCommon, AgentCommon];2;2;3;-1;-1
0;[AgentCommon, AgentCommon, AgentCommon];[AgentCommon, AgentCommon];2;2;3;-1;-1
0;[AgentCommon, AgentCommon, AgentCommon];[AgentCommon, AgentCommon];2;1;0;-1;-1
0;[AgentCommon, AgentCommon, AgentCommon];[AgentCommon, AgentCommon];2;3;2;-1;-1
0;[AgentCommon, AgentCommon, AgentCommon];[AgentCommon, AgentCommon];2;2;1;-1;-1
1;[AgentCommon, AgentCommon, AgentCommon];[AgentCommon, AgentCommon];0;2;5;-1;-1
0;[AgentCommon, AgentCommon, AgentCommon];[AgentCommon, AgentCommon];2;3;3;-1;-1
0;[AgentCommon, AgentCommon, AgentCommon];[AgentCommon, AgentCommon];2;2;2;-1;-1
0;[AgentCommon, AgentCommon, AgentCommon];[AgentCommon, AgentCommon];2;3;3;-1;-1
1;[AgentCommon, AgentCommon, AgentCommon];[AgentCommon, AgentCommon];0;2;5;-1;-1
0;[AgentCommon, AgentCommon, AgentCommon];[AgentCommon, AgentCommon];2;2;1;-1;-1
1;[AgentCommon, AgentCommon, AgentCommon];[AgentCommon, AgentCommon];0;2;5;-1;-1
0;[AgentCommon, AgentCommon, AgentCommon];[AgentCommon, AgentCommon];2;2;1;-1;-1
0;[AgentCommon, AgentCommon, AgentCommon];[AgentCommon, AgentCommon];2;2;4;-1;-1
1;[AgentCommon, AgentCommon, AgentCommon];[AgentCommon, AgentCommon];0;6;5;-1;-1
0;[AgentCommon, AgentCommon, AgentCommon];[AgentCommon, AgentCommon];2;3;2;-1;-1
0;[AgentCommon, AgentCommon, AgentCommon];[AgentCommon, AgentCommon];2;5;4;-1;-1
1;[AgentCommon, AgentCommon, AgentCommon];[AgentCommon, AgentCommon];0;3;5;-1;-1
0;[AgentCommon, AgentCommon, AgentCommon];[AgentCommon, AgentCommon];2;1;0;-1;-1
0;[AgentCommon, AgentCommon, AgentCommon];[AgentCommon, AgentCommon];2;3;3;-1;-1
0;[AgentCommon, AgentCommon, AgentCommon];[AgentCommon, AgentCommon];2;3;3;-1;-1
0;[AgentCommon, AgentCommon, AgentCommon];[AgentCommon, AgentCommon];2;2;1;-1;-1
0;[AgentCommon, AgentCommon, AgentCommon];[AgentCommon, AgentCommon];2;1;1;-1;-1
0;[AgentCommon, AgentCommon, AgentCommon];[AgentCommon, AgentCommon];2;2;2;-1;-1
0;[AgentCommon, AgentCommon, AgentCommon];[AgentCommon, AgentCommon];2;2;1;-1;-1
1;[AgentCommon, AgentCommon, AgentCommon];[AgentCommon, AgentCommon];0;5;5;-1;-1
0;[AgentCommon, AgentCommon, AgentCommon];[AgentCommon, AgentCommon];2;3;3;-1;-1
0;[AgentCommon, AgentCommon, AgentCommon];[AgentCommon, AgentCommon];2;3;4;-1;-1
1;[AgentCommon, AgentCommon, AgentCommon];[AgentCommon, AgentCommon];0;3;5;-1;-1
0;[AgentCommon, AgentCommon, AgentCommon];[AgentCommon, AgentCommon];2;1;0;-1;-1
0;[AgentCommon, AgentCommon, AgentCommon];[AgentCommon, AgentCommon];2;1;0;-1;-1
1;[AgentCommon, AgentCommon, AgentCommon];[AgentCommon, AgentCommon];0;2;5;-1;-1
0;[AgentCommon, AgentCommon, AgentCommon];[AgentCommon, AgentCommon];2;1;0;-1;-1
0;[AgentCommon, AgentCommon, AgentCommon];[AgentCommon, AgentCommon];2;1;0;-1;-1
0;[AgentCommon, AgentCommon, AgentCommon];[AgentCommon, AgentCommon];2;1;0;-1;-1
0;[AgentCommon, AgentCommon, AgentCommon];[AgentCommon, AgentCommon];2;1;0;-1;-1
1;[AgentCommon, AgentCommon, AgentCommon];[AgentCommon, AgentCommon];0;3;5;-1;-1
1;[AgentCommon, AgentCommon, AgentCommon];[AgentCommon, AgentCommon];0;4;5;-1;-1
1;[AgentCommon, AgentCommon, AgentCommon];[AgentCommon, AgentCommon];0;5;5;-1;-1
0;[AgentCommon, AgentCommon, AgentCommon];[AgentCommon, AgentCommon];2;1;0;-1;-1
0;[AgentCommon, AgentCommon, AgentCommon];[AgentCommon, AgentCommon];2;4;4;-1;-1
0;[AgentCommon, AgentCommon, AgentCommon];[AgentCommon, AgentCommon];2;2;4;-1;-1
1;[AgentCommon, AgentCommon, AgentCommon];[AgentCommon, AgentCommon];0;2;5;-1;-1
0;[AgentCommon, AgentCommon, AgentCommon];[AgentCommon, AgentCommon];1;5;3;-1;-1
0;[AgentCommon, AgentCommon, AgentCommon];[AgentCommon, AgentCommon];2;1;0;-1;-1
0;[AgentCommon, AgentCommon, AgentCommon];[AgentCommon, AgentCommon];2;4;4;-1;-1
0;[AgentCommon, AgentCommon, AgentCommon];[AgentCommon, AgentCommon];2;1;0;-1;-1
1;[AgentCommon, AgentCommon, AgentCommon];[AgentCommon, AgentCommon];0;4;5;-1;-1
0;[AgentCommon, AgentCommon, AgentCommon];[AgentCommon, AgentCommon];2;2;4;-1;-1
0;[AgentCommon, AgentCommon, AgentCommon];[AgentCommon, AgentCommon];2;2;2;-1;-1
0;[AgentCommon, AgentCommon, AgentCommon];[AgentCommon, AgentCommon];2;3;2;-1;-1
0;[AgentCommon, AgentCommon, AgentCommon];[AgentCommon, AgentCommon];2;2;1;-1;-1
0;[AgentCommon, AgentCommon, AgentCommon];[AgentCommon, AgentCommon];2;2;2;-1;-1
0;[AgentCommon, AgentCommon, AgentCommon];[AgentCommon, AgentCommon];2;4;4;-1;-1
1;[AgentCommon, AgentCommon, AgentCommon];[AgentCommon, AgentCommon];0;3;5;-1;-1
0;[AgentCommon, AgentCommon, AgentCommon];[AgentCommon, AgentCommon];2;1;0;-1;-1
0;[AgentCommon, AgentCommon, AgentCommon];[AgentCommon, AgentCommon];2;3;3;-1;-1
0;[AgentCommon, AgentCommon, AgentCommon];[AgentCommon, AgentCommon];2;1;2;-1;-1
0;[AgentCommon, AgentCommon, AgentCommon];[AgentCommon, AgentCommon];2;2;1;-1;-1
0;[AgentCommon, AgentCommon, AgentCommon];[AgentCommon, AgentCommon];2;3;4;-1;-1
0;[AgentCommon, AgentCommon, AgentCommon];[AgentCommon, AgentCommon];2;4;4;-1;-1
0;[AgentCommon, AgentCommon, AgentCommon];[AgentCommon, AgentCommon];1;5;4;-1;-1
0;[AgentCommon, AgentCommon, AgentCommon];[AgentCommon, AgentCommon];2;2;2;-1;-1
0;[AgentCommon, AgentCommon, AgentCommon];[AgentCommon, AgentCommon];2;2;1;-1;-1
0;[AgentCommon, AgentCommon, AgentCommon];[AgentCommon, AgentCommon];2;2;2;-1;-1
1;[AgentCommon, AgentCommon, AgentCommon];[AgentCommon, AgentCommon];0;3;5;-1;-1
0;[AgentCommon, AgentCommon, AgentCommon];[AgentCommon, AgentCommon];2;1;0;-1;-1
0;[AgentCommon, AgentCommon, AgentCommon];[AgentCommon, AgentCommon];2;2;2;-1;-1
0;[AgentCommon, AgentCommon, AgentCommon];[AgentCommon, AgentCommon];2;3;4;-1;-1
0;[AgentCommon, AgentCommon, AgentCommon];[AgentCommon, AgentCommon];2;1;1;-1;-1
1;[AgentCommon, AgentCommon, AgentCommon];[AgentCommon, AgentCommon];0;3;5;-1;-1
1;[AgentCommon, AgentCommon, AgentCommon];[AgentCommon, AgentCommon];0;2;5;-1;-1
0;[AgentCommon, AgentCommon, AgentCommon];[AgentCommon, AgentCommon];2;3;4;-1;-1
0;[AgentCommon, AgentCommon, AgentCommon];[AgentCommon, AgentCommon];2;2;3;-1;-1
0;[AgentCommon, AgentCommon, AgentCommon];[AgentCommon, AgentCommon];2;3;0;-1;-1
0;[AgentCommon, AgentCommon, AgentCommon];[AgentCommon, AgentCommon];2;1;1;-1;-1
0;[AgentCommon, AgentCommon, AgentCommon];[AgentCommon, AgentCommon];2;1;1;-1;-1
1;[AgentCommon, AgentCommon, AgentCommon];[AgentCommon, AgentCommon];0;4;5;-1;-1
0;[AgentCommon, AgentCommon, AgentCommon];[AgentCommon, AgentCommon];2;1;0;-1;-1
0;[AgentCommon, AgentCommon, AgentCommon];[AgentCommon, AgentCommon];2;2;2;-1;-1
0;[AgentCommon, AgentCommon, AgentCommon];[AgentCommon, AgentCommon];2;3;1;-1;-1
0;[AgentCommon, AgentCommon, AgentCommon];[AgentCommon, AgentCommon];2;3;0;-1;-1
0;[AgentCommon, AgentCommon, AgentCommon];[AgentCommon, AgentCommon];2;1;0;-1;-1
1;[AgentCommon, AgentCommon, AgentCommon];[AgentCommon, AgentCommon];0;2;5;-1;-1
0;[AgentCommon, AgentCommon, AgentCommon];[AgentCommon, AgentCommon];2;1;0;-1;-1
0;[AgentCommon, AgentCommon, AgentCommon];[AgentCommon, AgentCommon];2;1;0;-1;-1
0;[AgentCommon, AgentCommon, AgentCommon];[AgentCommon, AgentCommon];2;1;0;-1;-1
0;[AgentCommon, AgentCommon, AgentCommon];[AgentCommon, AgentCommon];2;2;0;-1;-1
0;[AgentCommon, AgentCommon, AgentCommon];[AgentCommon, AgentCommon];2;1;0;-1;-1
0;[AgentCommon, AgentCommon, AgentCommon];[AgentCommon, AgentCommon];2;2;3;-1;-1
1;[AgentCommon, AgentCommon, AgentCommon];[AgentCommon, AgentCommon];0;2;5;-1;-1
0;[AgentCommon, AgentCommon, AgentCommon];[AgentCommon, AgentCommon];2;2;3;-1;-1
0;[AgentCommon, AgentCommon, AgentCommon];[AgentCommon, AgentCommon];2;2;3;-1;-1
0;[AgentCommon, AgentCommon, AgentCommon];[AgentCommon, AgentCommon];1;5;4;-1;-1
0;[AgentCommon, AgentCommon, AgentCommon];[AgentCommon, AgentCommon];2;1;1;-1;-1
1;[AgentCommon, AgentCommon, AgentCommon];[AgentCommon, AgentCommon];0;2;5;-1;-1
0;[AgentCommon, AgentCommon, AgentCommon];[AgentCommon, AgentCommon];2;3;1;-1;-1
0;[AgentCommon, AgentCommon, AgentCommon];[AgentCommon, AgentCommon];2;1;1;-1;-1
1;[AgentCommon, AgentCommon, AgentCommon];[AgentCommon, AgentCommon];0;3;5;-1;-1
0;[AgentCommon, AgentCommon, AgentCommon];[AgentCommon, AgentCommon];2;2;0;-1;-1
0;[AgentCommon, AgentCommon, AgentCommon];[AgentCommon, AgentCommon];2;1;1;-1;-1
0;[AgentCommon, AgentCommon, AgentCommon];[AgentCommon, AgentCommon];2;1;0;-1;-1
0;[AgentCommon, AgentCommon, AgentCommon];[AgentCommon, AgentCommon];2;2;2;-1;-1
1;[AgentCommon, AgentCommon, AgentCommon];[AgentCommon, AgentCommon];0;5;5;-1;-1
0;[AgentCommon, AgentCommon, AgentCommon];[AgentCommon, AgentCommon];2;1;0;-1;-1
1;[AgentCommon, AgentCommon, AgentCommon];[AgentCommon, AgentCommon];0;4;5;-1;-1
1;[AgentCommon, AgentCommon, AgentCommon];[AgentCommon, AgentCommon];0;4;5;-1;-1
1;[AgentCommon, AgentCommon, AgentCommon];[AgentCommon, AgentCommon];0;3;5;-1;-1
0;[AgentCommon, AgentCommon, AgentCommon];[AgentCommon, AgentCommon];2;4;4;-1;-1
0;[AgentCommon, AgentCommon, AgentCommon];[AgentCommon, AgentCommon];2;3;3;-1;-1
0;[AgentCommon, AgentCommon, AgentCommon];[AgentCommon, AgentCommon];2;3;2;-1;-1
0;[AgentCommon, AgentCommon, AgentCommon];[AgentCommon, AgentCommon];2;1;1;-1;-1
0;[AgentCommon, AgentCommon, AgentCommon];[AgentCommon, AgentCommon];2;2;1;-1;-1
0;[AgentCommon, AgentCommon, AgentCommon];[AgentCommon, AgentCommon];2;1;0;-1;-1
1;[AgentCommon, AgentCommon, AgentCommon];[AgentCommon, AgentCommon];0;2;5;-1;-1
0;[AgentCommon, AgentCommon, AgentCommon];[AgentCommon, AgentCommon];2;5;3;-1;-1
1;[AgentCommon, AgentCommon, AgentCommon];[AgentCommon, AgentCommon];0;4;5;-1;-1
1;[AgentCommon, AgentCommon, AgentCommon];[AgentCommon, AgentCommon];0;3;5;-1;-1
0;[AgentCommon, AgentCommon, AgentCommon];[AgentCommon, AgentCommon];2;2;1;-1;-1
0;[AgentCommon, AgentCommon, AgentCommon];[AgentCommon, AgentCommon];2;3;3;-1;-1
0;[AgentCommon, AgentCommon, AgentCommon];[AgentCommon, AgentCommon];2;2;4;-1;-1
0;[AgentCommon, AgentCommon, AgentCommon];[AgentCommon, AgentCommon];2;2;3;-1;-1
1;[AgentCommon, AgentCommon, AgentCommon];[AgentCommon, AgentCommon];0;5;5;-1;-1
0;[AgentCommon, AgentCommon, AgentCommon];[AgentCommon, AgentCommon];2;2;3;-1;-1
0;[AgentCommon, AgentCommon, AgentCommon];[AgentCommon, AgentCommon];2;1;1;-1;-1
0;[AgentCommon, AgentCommon, AgentCommon];[AgentCommon, AgentCommon];2;2;2;-1;-1
1;[AgentCommon, AgentCommon, AgentCommon];[AgentCommon, AgentCommon];0;2;5;-1;-1
0;[AgentCommon, AgentCommon, AgentCommon];[AgentCommon, AgentCommon];2;1;0;-1;-1
1;[AgentCommon, AgentCommon, AgentCommon];[AgentCommon, AgentCommon];0;3;5;-1;-1
0;[AgentCommon, AgentCommon, AgentCommon];[AgentCommon, AgentCommon];2;2;1;-1;-1
0;[AgentCommon, AgentCommon, AgentCommon];[AgentCommon, AgentCommon];2;1;0;-1;-1
1;[AgentCommon, AgentCommon, AgentCommon];[AgentCommon, AgentCommon];0;3;5;-1;-1
0;[AgentCommon, AgentCommon, AgentCommon];[AgentCommon, AgentCommon];2;2;1;-1;-1
1;[AgentCommon, AgentCommon, AgentCommon];[AgentCommon, AgentCommon];0;5;5;-1;-1
0;[AgentCommon, AgentCommon, AgentCommon];[AgentCommon, AgentCommon];2;2;1;-1;-1
0;[AgentCommon, AgentCommon, AgentCommon];[AgentCommon, AgentCommon];2;2;1;-1;-1
1;[AgentCommon, AgentCommon, AgentCommon];[AgentCommon, AgentCommon];0;2;5;-1;-1
0;[AgentCommon, AgentCommon, AgentCommon];[AgentCommon, AgentCommon];2;3;4;-1;-1
0;[AgentCommon, AgentCommon, AgentCommon];[AgentCommon, AgentCommon];2;2;2;-1;-1
1;[AgentCommon, AgentCommon, AgentCommon];[AgentCommon, AgentCommon];0;2;5;-1;-1
1;[AgentCommon, AgentCommon, AgentCommon];[AgentCommon, AgentCommon];0;3;5;-1;-1
1;[AgentCommon, AgentCommon, AgentCommon];[AgentCommon, AgentCommon];0;4;5;-1;-1
0;[AgentCommon, AgentCommon, AgentCommon];[AgentCommon, AgentCommon];2;2;2;-1;-1
1;[AgentCommon, AgentCommon, AgentCommon];[AgentCommon, AgentCommon];0;2;5;-1;-1
0;[AgentCommon, AgentCommon, AgentCommon];[AgentCommon, AgentCommon];2;2;2;-1;-1
0;[AgentCommon, AgentCommon, AgentCommon];[AgentCommon, AgentCommon];2;2;2;-1;-1
0;[AgentCommon, AgentCommon, AgentCommon];[AgentCommon, AgentCommon];2;1;1;-1;-1
0;[AgentCommon, AgentCommon, AgentCommon];[AgentCommon, AgentCommon];2;2;2;-1;-1
0;[AgentCommon, AgentCommon, AgentCommon];[AgentCommon, AgentCommon];2;2;1;-1;-1
1;[AgentCommon, AgentCommon, AgentCommon];[AgentCommon, AgentCommon];0;3;5;-1;-1
0;[AgentCommon, AgentCommon, AgentCommon];[AgentCommon, AgentCommon];2;5;3;-1;-1
1;[AgentCommon, AgentCommon, AgentCommon];[AgentCommon, AgentCommon];0;2;5;-1;-1
0;[AgentCommon, AgentCommon, AgentCommon];[AgentCommon, AgentCommon];2;5;4;-1;-1
0;[AgentCommon, AgentCommon, AgentCommon];[AgentCommon, AgentCommon];2;2;0;-1;-1
0;[AgentCommon, AgentCommon, AgentCommon];[AgentCommon, AgentCommon];2;1;0;-1;-1
1;[AgentCommon, AgentCommon, AgentCommon];[AgentCommon, AgentCommon];0;2;5;-1;-1
0;[AgentCommon, AgentCommon, AgentCommon];[AgentCommon, AgentCommon];2;1;1;-1;-1
1;[AgentCommon, AgentCommon, AgentCommon];[AgentCommon, AgentCommon];0;5;5;-1;-1
0;[AgentCommon, AgentCommon, AgentCommon];[AgentCommon, AgentCommon];2;4;4;-1;-1
0;[AgentCommon, AgentCommon, AgentCommon];[AgentCommon, AgentCommon];2;4;3;-1;-1
0;[AgentCommon, AgentCommon, AgentCommon];[AgentCommon, AgentCommon];2;2;0;-1;-1
1;[AgentCommon, AgentCommon, AgentCommon];[AgentCommon, AgentCommon];0;4;5;-1;-1
0;[AgentCommon, AgentCommon, AgentCommon];[AgentCommon, AgentCommon];2;1;0;-1;-1
1;[AgentCommon, AgentCommon, AgentCommon];[AgentCommon, AgentCommon];0;2;5;-1;-1
0;[AgentCommon, AgentCommon, AgentCommon];[AgentCommon, AgentCommon];2;1;1;-1;-1
0;[AgentCommon, AgentCommon, AgentCommon];[AgentCommon, AgentCommon];2;2;2;-1;-1
1;[AgentCommon, AgentCommon, AgentCommon];[AgentCommon, AgentCommon];0;3;5;-1;-1
0;[AgentCommon, AgentCommon, AgentCommon];[AgentCommon, AgentCommon];2;1;0;-1;-1
0;[AgentCommon, AgentCommon, AgentCommon];[AgentCommon, AgentCommon];2;5;4;-1;-1
0;[AgentCommon, AgentCommon, AgentCommon];[AgentCommon, AgentCommon];2;1;0;-1;-1
0;[AgentCommon, AgentCommon, AgentCommon];[AgentCommon, AgentCommon];2;3;4;-1;-1
1;[AgentCommon, AgentCommon, AgentCommon];[AgentCommon, AgentCommon];0;2;5;-1;-1
1;[AgentCommon, AgentCommon, AgentCommon];[AgentCommon, AgentCommon];0;3;5;-1;-1
1;[AgentCommon, AgentCommon, AgentCommon];[AgentCommon, AgentCommon];0;4;5;-1;-1
0;[AgentCommon, AgentCommon, AgentCommon];[AgentCommon, AgentCommon];2;3;2;-1;-1
0;[AgentCommon, AgentCommon, AgentCommon];[AgentCommon, AgentCommon];2;1;0;-1;-1
1;[AgentCommon, AgentCommon, AgentCommon];[AgentCommon, AgentCommon];0;3;5;-1;-1
1;[AgentCommon, AgentCommon, AgentCommon];[AgentCommon, AgentCommon];0;4;5;-1;-1
0;[AgentCommon, AgentCommon, AgentCommon];[AgentCommon, AgentCommon];2;2;3;-1;-1
0;[AgentCommon, AgentCommon, AgentCommon];[AgentCommon, AgentCommon];2;1;0;-1;-1
1;[AgentCommon, AgentCommon, AgentCommon];[AgentCommon, AgentCommon];0;2;5;-1;-1
1;[AgentCommon, AgentCommon, AgentCommon];[AgentCommon, AgentCommon];0;4;5;-1;-1
0;[AgentCommon, AgentCommon, AgentCommon];[AgentCommon, AgentCommon];2;1;0;-1;-1
0;[AgentCommon, AgentCommon, AgentCommon];[AgentCommon, AgentCommon];2;1;2;-1;-1
0;[AgentCommon, AgentCommon, AgentCommon];[AgentCommon, AgentCommon];2;1;1;-1;-1
0;[AgentCommon, AgentCommon, AgentCommon];[AgentCommon, AgentCommon];2;5;3;-1;-1
0;[AgentCommon, AgentCommon, AgentCommon];[AgentCommon, AgentCommon];2;1;2;-1;-1
1;[AgentCommon, AgentCommon, AgentCommon];[AgentCommon, AgentCommon];0;2;5;-1;-1
1;[AgentCommon, AgentCommon, AgentCommon];[AgentCommon, AgentCommon];0;5;5;-1;-1
0;[AgentCommon, AgentCommon, AgentCommon];[AgentCommon, AgentCommon];2;2;3;-1;-1
1;[AgentCommon, AgentCommon, AgentCommon];[AgentCommon, AgentCommon];0;4;5;-1;-1
1;[AgentCommon, AgentCommon, AgentCommon];[AgentCommon, AgentCommon];0;2;5;-1;-1
0;[AgentCommon, AgentCommon, AgentCommon];[AgentCommon, AgentCommon];2;3;3;-1;-1
0;[AgentCommon, AgentCommon, AgentCommon];[AgentCommon, AgentCommon];2;1;0;-1;-1
0;[AgentCommon, AgentCommon, AgentCommon];[AgentCommon, AgentCommon];1;5;4;-1;-1
0;[AgentCommon, AgentCommon, AgentCommon];[AgentCommon, AgentCommon];2;3;3;-1;-1
0;[AgentCommon, AgentCommon, AgentCommon];[AgentCommon, AgentCommon];2;1;0;-1;-1
0;[AgentCommon, AgentCommon, AgentCommon];[AgentCommon, AgentCommon];2;3;4;-1;-1
1;[AgentCommon, AgentCommon, AgentCommon];[AgentCommon, AgentCommon];0;3;5;-1;-1
1;[AgentCommon, AgentCommon, AgentCommon];[AgentCommon, AgentCommon];0;3;5;-1;-1
0;[AgentCommon, AgentCommon, AgentCommon];[AgentCommon, AgentCommon];2;3;4;-1;-1
0;[AgentCommon, AgentCommon, AgentCommon];[AgentCommon, AgentCommon];2;1;0;-1;-1
0;[AgentCommon, AgentCommon, AgentCommon];[AgentCommon, AgentCommon];2;2;3;-1;-1
1;[AgentCommon, AgentCommon, AgentCommon];[AgentCommon, AgentCommon];0;2;5;-1;-1
0;[AgentCommon, AgentCommon, AgentCommon];[AgentCommon, AgentCommon];2;2;1;-1;-1
0;[AgentCommon, AgentCommon, AgentCommon];[AgentCommon, AgentCommon];2;2;0;-1;-1
0;[AgentCommon, AgentCommon, AgentCommon];[AgentCommon, AgentCommon];2;3;3;-1;-1
0;[AgentCommon, AgentCommon, AgentCommon];[AgentCommon, AgentCommon];2;3;2;-1;-1
0;[AgentCommon, AgentCommon, AgentCommon];[AgentCommon, AgentCommon];2;4;2;-1;-1
0;[AgentCommon, AgentCommon, AgentCommon];[AgentCommon, AgentCommon];2;3;3;-1;-1
0;[AgentCommon, AgentCommon, AgentCommon];[AgentCommon, AgentCommon];2;1;1;-1;-1
1;[AgentCommon, AgentCommon, AgentCommon];[AgentCommon, AgentCommon];0;3;5;-1;-1
0;[AgentCommon, AgentCommon, AgentCommon];[AgentCommon, AgentCommon];2;3;4;-1;-1
1;[AgentCommon, AgentCommon, AgentCommon];[AgentCommon, AgentCommon];0;5;5;-1;-1
0;[AgentCommon, AgentCommon, AgentCommon];[AgentCommon, AgentCommon];2;1;0;-1;-1
1;[AgentCommon, AgentCommon, AgentCommon];[AgentCommon, AgentCommon];0;5;5;-1;-1
0;[AgentCommon, AgentCommon, AgentCommon];[AgentCommon, AgentCommon];2;3;4;-1;-1
1;[AgentCommon, AgentCommon, AgentCommon];[AgentCommon, AgentCommon];0;2;5;-1;-1
1;[AgentCommon, AgentCommon, AgentCommon];[AgentCommon, AgentCommon];0;3;5;-1;-1
0;[AgentCommon, AgentCommon, AgentCommon];[AgentCommon, AgentCommon];2;2;2;-1;-1
1;[AgentCommon, AgentCommon, AgentCommon];[AgentCommon, AgentCommon];0;4;5;-1;-1
1;[AgentCommon, AgentCommon, AgentCommon];[AgentCommon, AgentCommon];0;2;5;-1;-1
0;[AgentCommon, AgentCommon, AgentCommon];[AgentCommon, AgentCommon];2;4;4;-1;-1
0;[AgentCommon, AgentCommon, AgentCommon];[AgentCommon, AgentCommon];2;4;4;-1;-1
0;[AgentCommon, AgentCommon, AgentCommon];[AgentCommon, AgentCommon];2;1;0;-1;-1
0;[AgentCommon, AgentCommon, AgentCommon];[AgentCommon, AgentCommon];2;1;0;-1;-1
0;[AgentCommon, AgentCommon, AgentCommon];[AgentCommon, AgentCommon];2;1;0;-1;-1
0;[AgentCommon, AgentCommon, AgentCommon];[AgentCommon, AgentCommon];2;2;1;-1;-1
0;[AgentCommon, AgentCommon, AgentCommon];[AgentCommon, AgentCommon];2;3;3;-1;-1
0;[AgentCommon, AgentCommon, AgentCommon];[AgentCommon, AgentCommon];2;2;1;-1;-1
0;[AgentCommon, AgentCommon, AgentCommon];[AgentCommon, AgentCommon];2;5;4;-1;-1
1;[AgentCommon, AgentCommon, AgentCommon];[AgentCommon, AgentCommon];0;3;5;-1;-1
0;[AgentCommon, AgentCommon, AgentCommon];[AgentCommon, AgentCommon];2;2;1;-1;-1
0;[AgentCommon, AgentCommon, AgentCommon];[AgentCommon, AgentCommon];2;1;0;-1;-1
1;[AgentCommon, AgentCommon, AgentCommon];[AgentCommon, AgentCommon];0;2;5;-1;-1
0;[AgentCommon, AgentCommon, AgentCommon];[AgentCommon, AgentCommon];2;1;1;-1;-1
0;[AgentCommon, AgentCommon, AgentCommon];[AgentCommon, AgentCommon];1;6;4;-1;-1
0;[AgentCommon, AgentCommon, AgentCommon];[AgentCommon, AgentCommon];2;1;0;-1;-1
0;[AgentCommon, AgentCommon, AgentCommon];[AgentCommon, AgentCommon];2;4;4;-1;-1
0;[AgentCommon, AgentCommon, AgentCommon];[AgentCommon, AgentCommon];2;4;4;-1;-1
0;[AgentCommon, AgentCommon, AgentCommon];[AgentCommon, AgentCommon];2;2;3;-1;-1
0;[AgentCommon, AgentCommon, AgentCommon];[AgentCommon, AgentCommon];2;2;1;-1;-1
0;[AgentCommon, AgentCommon, AgentCommon];[AgentCommon, AgentCommon];2;2;0;-1;-1
0;[AgentCommon, AgentCommon, AgentCommon];[AgentCommon, AgentCommon];2;2;3;-1;-1
0;[AgentCommon, AgentCommon, AgentCommon];[AgentCommon, AgentCommon];2;2;0;-1;-1
0;[AgentCommon, AgentCommon, AgentCommon];[AgentCommon, AgentCommon];2;1;0;-1;-1
0;[AgentCommon, AgentCommon, AgentCommon];[AgentCommon, AgentCommon];2;1;1;-1;-1
0;[AgentCommon, AgentCommon, AgentCommon];[AgentCommon, AgentCommon];2;1;0;-1;-1
0;[AgentCommon, AgentCommon, AgentCommon];[AgentCommon, AgentCommon];2;3;3;-1;-1
0;[AgentCommon, AgentCommon, AgentCommon];[AgentCommon, AgentCommon];2;4;3;-1;-1
0;[AgentCommon, AgentCommon, AgentCommon];[AgentCommon, AgentCommon];2;3;2;-1;-1
0;[AgentCommon, AgentCommon, AgentCommon];[AgentCommon, AgentCommon];2;2;2;-1;-1
1;[AgentCommon, AgentCommon, AgentCommon];[AgentCommon, AgentCommon];0;2;5;-1;-1
0;[AgentCommon, AgentCommon, AgentCommon];[AgentCommon, AgentCommon];2;3;4;-1;-1
1;[AgentCommon, AgentCommon, AgentCommon];[AgentCommon, AgentCommon];0;4;5;-1;-1
1;[AgentCommon, AgentCommon, AgentCommon];[AgentCommon, AgentCommon];0;2;5;-1;-1
0;[AgentCommon, AgentCommon, AgentCommon];[AgentCommon, AgentCommon];2;3;1;-1;-1
0;[AgentCommon, AgentCommon, AgentCommon];[AgentCommon, AgentCommon];2;1;0;-1;-1
0;[AgentCommon, AgentCommon, AgentCommon];[AgentCommon, AgentCommon];2;2;1;-1;-1
0;[AgentCommon, AgentCommon, AgentCommon];[AgentCommon, AgentCommon];2;2;2;-1;-1
0;[AgentCommon, AgentCommon, AgentCommon];[AgentCommon, AgentCommon];2;2;1;-1;-1
1;[AgentCommon, AgentCommon, AgentCommon];[AgentCommon, AgentCommon];0;2;5;-1;-1
1;[AgentCommon, AgentCommon, AgentCommon];[AgentCommon, AgentCommon];0;6;5;-1;-1
0;[AgentCommon, AgentCommon, AgentCommon];[AgentCommon, AgentCommon];2;1;0;-1;-1
1;[AgentCommon, AgentCommon, AgentCommon];[AgentCommon, AgentCommon];0;3;5;-1;-1
0;[AgentCommon, AgentCommon, AgentCommon];[AgentCommon, AgentCommon];2;1;0;-1;-1
0;[AgentCommon, AgentCommon, AgentCommon];[AgentCommon, AgentCommon];2;1;0;-1;-1
1;[AgentCommon, AgentCommon, AgentCommon];[AgentCommon, AgentCommon];0;4;5;-1;-1
0;[AgentCommon, AgentCommon, AgentCommon];[AgentCommon, AgentCommon];2;2;3;-1;-1
1;[AgentCommon, AgentCommon, AgentCommon];[AgentCommon, AgentCommon];0;3;5;-1;-1
0;[AgentCommon, AgentCommon, AgentCommon];[AgentCommon, AgentCommon];2;1;0;-1;-1
1;[AgentCommon, AgentCommon, AgentCommon];[AgentCommon, AgentCommon];0;5;5;-1;-1
0;[AgentCommon, AgentCommon, AgentCommon];[AgentCommon, AgentCommon];2;4;4;-1;-1
0;[AgentCommon, AgentCommon, AgentCommon];[AgentCommon, AgentCommon];2;1;0;-1;-1
1;[AgentCommon, AgentCommon, AgentCommon];[AgentCommon, AgentCommon];0;4;5;-1;-1
0;[AgentCommon, AgentCommon, AgentCommon];[AgentCommon, AgentCommon];2;1;0;-1;-1
0;[AgentCommon, AgentCommon, AgentCommon];[AgentCommon, AgentCommon];2;1;1;-1;-1
0;[AgentCommon, AgentCommon, AgentCommon];[AgentCommon, AgentCommon];2;1;2;-1;-1
0;[AgentCommon, AgentCommon, AgentCommon];[AgentCommon, AgentCommon];2;4;4;-1;-1
1;[AgentCommon, AgentCommon, AgentCommon];[AgentCommon, AgentCommon];0;3;5;-1;-1
1;[AgentCommon, AgentCommon, AgentCommon];[AgentCommon, AgentCommon];0;3;5;-1;-1
0;[AgentCommon, AgentCommon, AgentCommon];[AgentCommon, AgentCommon];2;1;0;-1;-1
0;[AgentCommon, AgentCommon, AgentCommon];[AgentCommon, AgentCommon];2;2;1;-1;-1
0;[AgentCommon, AgentCommon, AgentCommon];[AgentCommon, AgentCommon];2;1;0;-1;-1
0;[AgentCommon, AgentCommon, AgentCommon];[AgentCommon, AgentCommon];2;3;2;-1;-1
1;[AgentCommon, AgentCommon, AgentCommon];[AgentCommon, AgentCommon];0;2;5;-1;-1
0;[AgentCommon, AgentCommon, AgentCommon];[AgentCommon, AgentCommon];2;5;4;-1;-1
0;[AgentCommon, AgentCommon, AgentCommon];[AgentCommon, AgentCommon];2;2;2;-1;-1
0;[AgentCommon, AgentCommon, AgentCommon];[AgentCommon, AgentCommon];2;3;3;-1;-1
0;[AgentCommon, AgentCommon, AgentCommon];[AgentCommon, AgentCommon];2;1;0;-1;-1
0;[AgentCommon, AgentCommon, AgentCommon];[AgentCommon, AgentCommon];2;2;3;-1;-1
0;[AgentCommon, AgentCommon, AgentCommon];[AgentCommon, AgentCommon];2;2;3;-1;-1
0;[AgentCommon, AgentCommon, AgentCommon];[AgentCommon, AgentCommon];2;2;3;-1;-1
0;[AgentCommon, AgentCommon, AgentCommon];[AgentCommon, AgentCommon];2;2;3;-1;-1
0;[AgentCommon, AgentCommon, AgentCommon];[AgentCommon, AgentCommon];2;2;3;-1;-1
1;[AgentCommon, AgentCommon, AgentCommon];[AgentCommon, AgentCommon];0;4;5;-1;-1
1;[AgentCommon, AgentCommon, AgentCommon];[AgentCommon, AgentCommon];0;2;5;-1;-1
1;[AgentCommon, AgentCommon, AgentCommon];[AgentCommon, AgentCommon];0;5;5;-1;-1
0;[AgentCommon, AgentCommon, AgentCommon];[AgentCommon, AgentCommon];2;1;0;-1;-1
0;[AgentCommon, AgentCommon, AgentCommon];[AgentCommon, AgentCommon];2;2;2;-1;-1
0;[AgentCommon, AgentCommon, AgentCommon];[AgentCommon, AgentCommon];2;2;0;-1;-1
0;[AgentCommon, AgentCommon, AgentCommon];[AgentCommon, AgentCommon];2;2;4;-1;-1
0;[AgentCommon, AgentCommon, AgentCommon];[AgentCommon, AgentCommon];2;2;3;-1;-1
0;[AgentCommon, AgentCommon, AgentCommon];[AgentCommon, AgentCommon];2;1;1;-1;-1
0;[AgentCommon, AgentCommon, AgentCommon];[AgentCommon, AgentCommon];2;4;3;-1;-1
0;[AgentCommon, AgentCommon, AgentCommon];[AgentCommon, AgentCommon];2;2;1;-1;-1
0;[AgentCommon, AgentCommon, AgentCommon];[AgentCommon, AgentCommon];2;4;3;-1;-1
0;[AgentCommon, AgentCommon, AgentCommon];[AgentCommon, AgentCommon];2;4;1;-1;-1
1;[AgentCommon, AgentCommon, AgentCommon];[AgentCommon, AgentCommon];0;2;5;-1;-1
0;[AgentCommon, AgentCommon, AgentCommon];[AgentCommon, AgentCommon];2;2;2;-1;-1
0;[AgentCommon, AgentCommon, AgentCommon];[AgentCommon, AgentCommon];2;1;0;-1;-1
0;[AgentCommon, AgentCommon, AgentCommon];[AgentCommon, AgentCommon];2;3;2;-1;-1
0;[AgentCommon, AgentCommon, AgentCommon];[AgentCommon, AgentCommon];2;1;0;-1;-1
0;[AgentCommon, AgentCommon, AgentCommon];[AgentCommon, AgentCommon];2;2;1;-1;-1
0;[AgentCommon, AgentCommon, AgentCommon];[AgentCommon, AgentCommon];2;1;1;-1;-1
1;[AgentCommon, AgentCommon, AgentCommon];[AgentCommon, AgentCommon];0;5;5;-1;-1
0;[AgentCommon, AgentCommon, AgentCommon];[AgentCommon, AgentCommon];2;2;3;-1;-1
0;[AgentCommon, AgentCommon, AgentCommon];[AgentCommon, AgentCommon];2;2;2;-1;-1
1;[AgentCommon, AgentCommon, AgentCommon];[AgentCommon, AgentCommon];0;2;5;-1;-1
0;[AgentCommon, AgentCommon, AgentCommon];[AgentCommon, AgentCommon];2;1;0;-1;-1
1;[AgentCommon, AgentCommon, AgentCommon];[AgentCommon, AgentCommon];0;3;5;-1;-1
0;[AgentCommon, AgentCommon, AgentCommon];[AgentCommon, AgentCommon];2;1;0;-1;-1
1;[AgentCommon, AgentCommon, AgentCommon];[AgentCommon, AgentCommon];0;2;5;-1;-1
0;[AgentCommon, AgentCommon, AgentCommon];[AgentCommon, AgentCommon];2;3;3;-1;-1
0;[AgentCommon, AgentCommon, AgentCommon];[AgentCommon, AgentCommon];2;3;1;-1;-1
1;[AgentCommon, AgentCommon, AgentCommon];[AgentCommon, AgentCommon];0;2;5;-1;-1
0;[AgentCommon, AgentCommon, AgentCommon];[AgentCommon, AgentCommon];2;4;3;-1;-1
0;[AgentCommon, AgentCommon, AgentCommon];[AgentCommon, AgentCommon];2;4;3;-1;-1
0;[AgentCommon, AgentCommon, AgentCommon];[AgentCommon, AgentCommon];2;3;2;-1;-1
0;[AgentCommon, AgentCommon, AgentCommon];[AgentCommon, AgentCommon];2;1;2;-1;-1
0;[AgentCommon, AgentCommon, AgentCommon];[AgentCommon, AgentCommon];2;3;3;-1;-1
0;[AgentCommon, AgentCommon, AgentCommon];[AgentCommon, AgentCommon];2;1;0;-1;-1
1;[AgentCommon, AgentCommon, AgentCommon];[AgentCommon, AgentCommon];0;2;5;-1;-1
1;[AgentCommon, AgentCommon, AgentCommon];[AgentCommon, AgentCommon];0;5;5;-1;-1
0;[AgentCommon, AgentCommon, AgentCommon];[AgentCommon, AgentCommon];2;3;4;-1;-1
0;[AgentCommon, AgentCommon, AgentCommon];[AgentCommon, AgentCommon];2;3;0;-1;-1
0;[AgentCommon, AgentCommon, AgentCommon];[AgentCommon, AgentCommon];2;2;2;-1;-1
0;[AgentCommon, AgentCommon, AgentCommon];[AgentCommon, AgentCommon];2;2;3;-1;-1
0;[AgentCommon, AgentCommon, AgentCommon];[AgentCommon, AgentCommon];2;2;2;-1;-1
0;[AgentCommon, AgentCommon, AgentCommon];[AgentCommon, AgentCommon];2;5;3;-1;-1
1;[AgentCommon, AgentCommon, AgentCommon];[AgentCommon, AgentCommon];0;3;5;-1;-1
1;[AgentCommon, AgentCommon, AgentCommon];[AgentCommon, AgentCommon];0;4;5;-1;-1
1;[AgentCommon, AgentCommon, AgentCommon];[AgentCommon, AgentCommon];0;4;5;-1;-1
1;[AgentCommon, AgentCommon, AgentCommon];[AgentCommon, AgentCommon];0;2;5;-1;-1
0;[AgentCommon, AgentCommon, AgentCommon];[AgentCommon, AgentCommon];2;2;0;-1;-1
0;[AgentCommon, AgentCommon, AgentCommon];[AgentCommon, AgentCommon];2;2;3;-1;-1
0;[AgentCommon, AgentCommon, AgentCommon];[AgentCommon, AgentCommon];2;4;2;-1;-1
0;[AgentCommon, AgentCommon, AgentCommon];[AgentCommon, AgentCommon];2;3;4;-1;-1
0;[AgentCommon, AgentCommon, AgentCommon];[AgentCommon, AgentCommon];2;4;4;-1;-1
0;[AgentCommon, AgentCommon, AgentCommon];[AgentCommon, AgentCommon];2;4;4;-1;-1
1;[AgentCommon, AgentCommon, AgentCommon];[AgentCommon, AgentCommon];0;2;5;-1;-1
0;[AgentCommon, AgentCommon, AgentCommon];[AgentCommon, AgentCommon];2;2;2;-1;-1
0;[AgentCommon, AgentCommon, AgentCommon];[AgentCommon, AgentCommon];2;1;0;-1;-1
0;[AgentCommon, AgentCommon, AgentCommon];[AgentCommon, AgentCommon];2;2;1;-1;-1
0;[AgentCommon, AgentCommon, AgentCommon];[AgentCommon, AgentCommon];2;1;0;-1;-1
1;[AgentCommon, AgentCommon, AgentCommon];[AgentCommon, AgentCommon];0;3;5;-1;-1
1;[AgentCommon, AgentCommon, AgentCommon];[AgentCommon, AgentCommon];0;3;5;-1;-1
1;[AgentCommon, AgentCommon, AgentCommon];[AgentCommon, AgentCommon];0;2;5;-1;-1
0;[AgentCommon, AgentCommon, AgentCommon];[AgentCommon, AgentCommon];2;3;3;-1;-1
0;[AgentCommon, AgentCommon, AgentCommon];[AgentCommon, AgentCommon];2;1;0;-1;-1
1;[AgentCommon, AgentCommon, AgentCommon];[AgentCommon, AgentCommon];0;5;5;-1;-1
0;[AgentCommon, AgentCommon, AgentCommon];[AgentCommon, AgentCommon];2;2;1;-1;-1
0;[AgentCommon, AgentCommon, AgentCommon];[AgentCommon, AgentCommon];2;1;0;-1;-1
1;[AgentCommon, AgentCommon, AgentCommon];[AgentCommon, AgentCommon];0;5;5;-1;-1
